date,negative_count,negative_avg,positive_count,positive_avg,neutral_count,neutral_avg,new_cases
2020-01-24,115732.66666666667,0.4054521226944443,12932.666666666666,0.04540191656944443,140837.66666666666,0.5491459606805557,1.0
2020-01-25,236235.33333333334,0.453745381486111,23761.333333333332,0.04339519158333333,282758.3333333333,0.5028594269583334,1.3333333333333333
2020-01-26,366323.3333333333,0.431332480333333,31814.0,0.04043333008333334,455966.6666666667,0.5282341895972223,2.6666666666666665
2020-01-27,439092.3333333333,0.46317538454166635,30329.666666666668,0.032458499125000005,485548.6666666667,0.5043661163472223,2.0
2020-01-28,421519.3333333333,0.4563030988472219,31781.666666666668,0.035838598319444435,471638.0,0.507858302777778,3.3333333333333335
2020-01-29,462129.3333333333,0.47872170259722197,39876.333333333336,0.04188193380555553,451862.6666666667,0.47939636348611137,3.0
2020-01-30,543502.0,0.4556105678055553,60764.333333333336,0.05128729663888887,579735.6666666666,0.49310213545833365,2.6666666666666665
2020-01-31,649516.6666666666,0.4681269319166663,74380.0,0.0536390775,669302.6666666666,0.47823399047222237,4.666666666666667
2020-02-01,523159.3333333333,0.4665448637361109,66570.66666666667,0.0600029185,557594.3333333334,0.47345221775,5.666666666666667
2020-02-02,371434.0,0.4741750617916667,47555.0,0.061215915749999995,377507.0,0.464609022486111,6.333333333333333
2020-02-03,228744.66666666666,0.46494410738888897,34440.666666666664,0.06861404208333333,233797.33333333334,0.46644185062500004,6.333333333333333
2020-02-04,233834.33333333334,0.4491823287222223,36622.333333333336,0.07009057816666665,250358.33333333334,0.4807270931805556,4.666666666666667
2020-02-05,223264.66666666666,0.42910064983333335,45532.333333333336,0.08757998659722233,251397.33333333334,0.48331936354166666,4.666666666666667
2020-02-06,235715.33333333334,0.43805494363888897,44632.666666666664,0.08404697079166677,255952.0,0.477898085513889,1.3333333333333333
2020-02-07,229614.33333333334,0.43540681476388904,43872.0,0.08423544981944457,251253.33333333334,0.480357735361111,2.3333333333333335
2020-02-08,235926.66666666666,0.4455008119305557,34225.0,0.06433282229166666,259424.66666666666,0.49016636577777767,4.666666666666667
2020-02-09,231524.0,0.44887702847222233,33315.0,0.06416875234722223,253212.33333333334,0.48695421915277765,5.333333333333333
2020-02-10,239133.33333333334,0.44905711825,33411.333333333336,0.062110756847222226,263485.3333333333,0.48883212487500005,4.0
2020-02-11,251696.66666666666,0.452187743138889,35787.0,0.06428951918055556,270956.6666666667,0.483522737625,2.3333333333333335
2020-02-12,260940.0,0.45751058313888904,34199.333333333336,0.05974917645833333,274713.0,0.482740240361111,1.6666666666666667
2020-02-13,270027.6666666667,0.46516935680555566,33517.0,0.057526786069444426,276449.6666666667,0.477303857111111,2.3333333333333335
2020-02-14,260797.33333333334,0.452697288902778,35816.333333333336,0.062166073680555566,279368.0,0.4851366374444443,1.3333333333333333
2020-02-15,237570.0,0.43568620522222234,37197.666666666664,0.06870892686111113,271437.3333333333,0.4956048680138887,1.3333333333333333
2020-02-16,205781.66666666666,0.4078204821805557,35088.333333333336,0.06913692900000003,264886.3333333333,0.5230425889027777,0.6666666666666666
2020-02-17,200438.0,0.409938322013889,33012.666666666664,0.0674214495138889,256122.0,0.5226402285277776,1.0
2020-02-18,220552.66666666666,0.4170576389444447,34140.666666666664,0.06516475020833333,270310.0,0.5177776107916666,0.6666666666666666
2020-02-19,239365.0,0.45023605952777795,36838.333333333336,0.06955518440277776,254918.0,0.48020875601388857,1.0
2020-02-20,240883.66666666666,0.4549912496666666,40075.333333333336,0.0758512086111111,246950.0,0.4691575416944443,1.0
2020-02-21,238000.0,0.45894484756944437,38289.333333333336,0.0727153742222222,242635.0,0.4683397781805552,8.0
2020-02-22,225183.66666666666,0.45563761762500005,34279.0,0.06688324704166664,235921.66666666666,0.4774791353888886,21.666666666666668
2020-02-23,162154.66666666666,0.47459246358333335,19951.333333333332,0.05121467502777777,165750.33333333334,0.4741928614305553,53.666666666666664
2020-02-24,139604.33333333334,0.46680164726388895,19215.0,0.054423956013888906,150778.66666666666,0.4787743967916666,72.33333333333333
2020-02-25,147341.66666666666,0.467243773236111,19478.666666666668,0.05361158280555556,157870.0,0.4791446439861113,95.0
2020-02-26,217076.33333333334,0.456640269861111,30711.0,0.06273415231944443,229009.33333333334,0.4806255778472222,116.66666666666667
2020-02-27,265160.3333333333,0.46804587809722203,33433.0,0.05893697087499997,262199.6666666667,0.47301715106944425,180.0
2020-02-28,417911.3333333333,0.47223573933333335,53486.0,0.061435220583333304,426845.6666666667,0.4663290401111109,245.0
2020-02-29,853278.3333333334,0.48778754047222234,103406.33333333333,0.0591326974722222,777923.3333333334,0.4530797621111109,321.0
2020-03-01,1105319.0,0.48810593641666666,137179.66666666666,0.061062056986111106,1018759.6666666666,0.45083200665277756,488.3333333333333
2020-03-02,963349.3333333334,0.479015312375,127568.33333333333,0.07527725958333333,860983.6666666666,0.4457074280972219,583.0
2020-03-03,829450.6666666666,0.4696551580555557,120888.66666666667,0.07922601561111109,791267.0,0.4511188264027776,692.0
2020-03-04,859571.0,0.4588593961111114,134751.0,0.08206372293055553,865248.3333333334,0.4590768810277776,783.6666666666666
2020-03-05,880978.3333333334,0.4551614770694446,134125.66666666666,0.07319133606944443,898623.0,0.47164718694444424,1092.3333333333333
2020-03-06,616448.6666666666,0.45041845322222235,100311.0,0.07718362572222222,649390.6666666666,0.4723979211111109,1469.0
2020-03-07,357836.0,0.4715649458194447,59552.333333333336,0.07879693598611114,338222.3333333333,0.44963811823611094,1897.0
2020-03-08,372205.3333333333,0.4877079434166667,60334.0,0.07929486080555558,329390.3333333333,0.43299719580555524,2278.3333333333335
2020-03-09,372283.6666666667,0.49090542833333334,56950.666666666664,0.0751127372361111,328001.3333333333,0.43398183443055527,2744.0
2020-03-10,354742.3333333333,0.4776812777777777,55032.0,0.07420581983333334,332077.0,0.44811290241666657,3161.3333333333335
2020-03-11,342149.3333333333,0.46370152212500004,54361.666666666664,0.07397804279166666,339446.6666666667,0.46232043505555565,4233.0
2020-03-12,330430.0,0.45237011312500003,55338.333333333336,0.07547752491666666,343720.0,0.47215236194444454,4616.666666666667
2020-03-13,319768.6666666667,0.44748640225,54661.333333333336,0.07654963434722219,340602.3333333333,0.4759639632777779,7513.0
2020-03-14,314321.6666666667,0.449921931986111,55692.333333333336,0.07973449561111111,329694.0,0.47034357230555557,8549.666666666666
2020-03-15,300183.0,0.44831500951388875,57179.333333333336,0.08621455845833333,312488.0,0.4654704319583332,10134.666666666666
2020-03-16,281638.6666666667,0.4317078579166664,60845.0,0.09379712368055558,308462.3333333333,0.4744950184027776,10271.0
2020-03-17,370381.6666666667,0.41442082383333306,81278.66666666667,0.09323712966666668,449760.3333333333,0.49234204648611096,11790.0
2020-03-18,417043.6666666667,0.4148786778055554,86860.66666666667,0.0919290090138889,491856.0,0.4931923131527776,14381.333333333334
2020-03-19,583819.6666666666,0.433385433861111,115500.33333333333,0.0889814465138889,633169.6666666666,0.47763311958333327,18215.666666666668
2020-03-20,636639.6666666666,0.446220261736111,124207.0,0.0902576471388889,648007.6666666666,0.4635220911249999,22777.333333333332
2020-03-21,715685.0,0.4474565437638887,146901.66666666666,0.0920020865138889,736202.3333333334,0.4605413697499999,26586.333333333332
2020-03-22,718146.0,0.44303231408333305,150884.33333333334,0.09340304484722223,750594.3333333334,0.46356464115277757,28517.0
2020-03-23,737089.3333333334,0.4468558974999997,153680.33333333334,0.09355503609722222,757584.6666666666,0.45958906647222225,32194.0
2020-03-24,594714.3333333334,0.43926313945833306,124589.66666666667,0.09712086794444434,613800.6666666666,0.4636159926944446,34666.333333333336
2020-03-25,436880.0,0.421210828986111,98713.33333333333,0.10427145586111099,473384.3333333333,0.47451771519444463,39329.666666666664
2020-03-26,429606.6666666667,0.41415702040277774,102088.66666666667,0.10561860737499991,488318.3333333333,0.48022437233333326,44889.333333333336
2020-03-27,565244.3333333334,0.41166872259722237,138288.0,0.10605797544444456,648527.6666666666,0.4822733019999999,51514.666666666664
2020-03-28,712253.6666666666,0.42055985363888904,171376.66666666666,0.10233274493055557,803850.6666666666,0.4771074015277776,56931.666666666664
2020-03-29,712390.3333333334,0.4240022359305557,171890.33333333334,0.10349778605555555,788512.6666666666,0.47249997808333327,54507.666666666664
2020-03-30,684346.6666666666,0.43457598775,152877.66666666666,0.09931598791666656,729741.0,0.46610802444444427,54692.0
2020-03-31,526421.6666666666,0.43383254479166666,115431.0,0.10292194098611124,548863.0,0.4632455143472223,56212.0
2020-04-01,447423.3333333333,0.43468640126388897,93373.33333333333,0.10192267922222233,463205.0,0.46339091956944456,63981.333333333336
2020-04-02,521001.0,0.44130318584722233,100561.33333333333,0.09581280083333343,532473.6666666666,0.4628840133333336,68736.66666666667
2020-04-03,670824.0,0.44732616850000007,126525.0,0.08767209713888886,693378.0,0.4650017343611113,71278.0
2020-04-04,756197.6666666666,0.4515495249305557,149781.33333333334,0.08956047706944444,766309.0,0.4588899980416666,63143.666666666664
2020-04-05,759709.0,0.448960474027778,164050.0,0.09705697509722233,764962.3333333334,0.45398255090277767,58823.666666666664
2020-04-06,788750.6666666666,0.45284732297222235,170325.33333333334,0.09797642093055565,780933.6666666666,0.4491762560555553,55019.333333333336
2020-04-07,782619.6666666666,0.4407621399027777,170508.0,0.0962631502500001,821560.6666666666,0.4629747098333333,58229.333333333336
2020-04-08,710511.0,0.43425788040277774,153152.0,0.09603934381944444,763583.3333333334,0.46970277576388897,61521.666666666664
2020-04-09,614178.0,0.4248191633194443,135238.66666666666,0.09958149369444434,674240.3333333334,0.47559934309722224,65223.666666666664
2020-04-10,627041.0,0.435389485986111,135049.0,0.10002114990277766,648895.6666666666,0.46458936419444424,69164.66666666667
2020-04-11,709664.6666666666,0.4521946945277777,145964.33333333334,0.09724774170833322,688232.0,0.45055756386111095,66238.33333333333
2020-04-12,806535.6666666666,0.47501204808333336,160872.0,0.0947006415,732507.0,0.43028731047222224,76918.0
2020-04-13,791944.6666666666,0.47498782069444473,152746.66666666666,0.09175184616666666,723401.3333333334,0.43326033315277795,72426.0
2020-04-14,779374.3333333334,0.4623537447083334,149840.33333333334,0.0891428108472222,758222.6666666666,0.44850344447222223,75645.33333333333
2020-04-15,794937.6666666666,0.4572701715416667,144111.0,0.08296893226388886,799240.0,0.4597608961666666,61111.333333333336
2020-04-16,803006.3333333334,0.45438989555555537,148718.33333333334,0.08421962561111111,814579.0,0.46139047873611094,68753.33333333333
2020-04-17,799290.6666666666,0.45517019268055536,146033.66666666666,0.08314549601388892,810265.3333333334,0.4616843111527776,68899.66666666667
2020-04-18,719103.3333333334,0.434105251208333,148821.0,0.0905923886388888,783494.6666666666,0.4753023599999999,68058.0
2020-04-19,736827.6666666666,0.44225355516666637,147556.0,0.08950763926388879,773888.0,0.4682388054861113,61905.0
2020-04-20,756209.3333333334,0.446102444486111,148138.0,0.08859978443055545,781404.6666666666,0.465297771041667,57680.666666666664
2020-04-21,628616.0,0.446998985361111,120490.0,0.09634658755555547,623574.0,0.45665442705555565,57156.0
2020-04-22,610109.0,0.44054333593055567,120754.66666666667,0.09721866027777766,626624.0,0.46223800379166663,58449.666666666664
2020-04-23,602047.0,0.42977827127777773,127631.33333333333,0.10021457840277766,649654.6666666666,0.4700071502777776,60384.333333333336
2020-04-24,810670.3333333334,0.42673738156944435,174516.33333333334,0.09158022373611112,915712.0,0.48168239462499995,58856.666666666664
2020-04-25,907959.0,0.427882084097222,183302.66666666666,0.08775071613888889,1016937.0,0.48436719970833325,57511.333333333336
2020-04-26,1016770.6666666666,0.4449152598333334,187263.0,0.08314414988888891,1068958.6666666667,0.47194059024999996,54046.666666666664
2020-04-27,1094157.6666666667,0.458804983263889,183901.0,0.07758701675000003,1102901.3333333333,0.46360799994444424,53741.666666666664
2020-04-28,1003775.6666666666,0.4568586986805557,168292.66666666666,0.0794620329166667,1013439.3333333334,0.4636792683333333,51398.0
2020-04-29,834236.0,0.4416340932500001,151561.66666666666,0.08819810273611113,873593.0,0.47016780402777764,51380.666666666664
2020-04-30,754065.0,0.43753103915277763,148025.66666666666,0.0932022252638889,793102.6666666666,0.4692667356666666,53087.666666666664
2020-05-01,738561.3333333334,0.424365594,161215.66666666666,0.09672920269444445,823240.3333333334,0.47890520333333325,56441.333333333336
2020-05-02,813437.6666666666,0.42758771934722234,175835.0,0.0928024438611111,908525.0,0.47960983680555563,57280.333333333336
2020-05-03,833763.0,0.43322678080555566,169263.66666666666,0.08860930823611109,915954.3333333334,0.4781639109722223,54857.0
2020-05-04,905741.6666666666,0.4505807045694444,165967.66666666666,0.08356630875,929566.6666666666,0.4658529867916666,50362.666666666664
2020-05-05,797670.0,0.4507244860694444,148523.33333333334,0.08673939672222224,812291.6666666666,0.4625361172777776,49117.0
2020-05-06,848700.6666666666,0.45659392340277766,158330.66666666666,0.08792936329166667,833781.3333333334,0.45547671340277757,51319.666666666664
2020-05-07,926368.6666666666,0.460964473986111,173710.33333333334,0.08918892451388889,887878.3333333334,0.4498466015555553,54186.333333333336
2020-05-08,1108856.0,0.46638926401388875,203059.33333333334,0.08582730876388889,1058276.6666666667,0.4477834272222219,55689.666666666664
2020-05-09,1079785.3333333333,0.45486057088888865,203609.33333333334,0.08627412898611113,1082378.3333333333,0.4588653000555553,53618.0
2020-05-10,1007463.6666666666,0.44204379522222204,196800.66666666666,0.08664910813888889,1070696.0,0.47130709661111087,48807.0
2020-05-11,1035104.6666666666,0.4334880467499997,204040.0,0.08582954265277776,1145831.6666666667,0.4806824105694442,45938.333333333336
2020-05-12,1094762.6666666667,0.438269175097222,204198.33333333334,0.08299432229166667,1189730.3333333333,0.4787365026249999,45783.666666666664
2020-05-13,1173505.6666666667,0.44562047825,208660.33333333334,0.0805235973611111,1240871.6666666667,0.47385592437499996,46593.666666666664
2020-05-14,1181633.0,0.452355795527778,202306.33333333334,0.07866185591666666,1217622.3333333333,0.46898234854166665,48195.0
2020-05-15,1186563.0,0.4547995739861113,203774.66666666666,0.0783894008472222,1214466.6666666667,0.46681102509722194,48564.0
2020-05-16,1132880.3333333333,0.4562254219305557,202336.33333333334,0.0818821625972222,1143748.3333333333,0.46189241540277753,48927.0
2020-05-17,1114706.6666666667,0.4647538022916667,193312.33333333334,0.08097470249999997,1085549.0,0.4542714951527776,44980.333333333336
2020-05-18,1105351.3333333333,0.4631530925416667,188554.0,0.07960666623611111,1084346.0,0.45724024120833323,42865.0
2020-05-19,1119674.6666666667,0.4622474999583333,185234.0,0.07693253404166667,1112478.3333333333,0.4608199660416666,42500.666666666664
2020-05-20,1123207.3333333333,0.45868879391666667,191297.66666666666,0.07866505772222224,1126877.6666666667,0.46264614841666657,44495.0
2020-05-21,1109393.6666666667,0.46139136197222236,190164.33333333334,0.07946312931944444,1100680.6666666667,0.45914550873611093,46158.333333333336
2020-05-22,1059773.0,0.45546617119444477,189432.0,0.08207910069444443,1068748.0,0.4624547281527776,47077.666666666664
2020-05-23,1012779.0,0.4532818155138891,181414.0,0.08208155888888886,1030192.3333333334,0.4646366256527776,46472.333333333336
2020-05-24,1010336.3333333334,0.46895551,178874.33333333334,0.08414484329166666,955722.3333333334,0.4468996467361109,43731.333333333336
2020-05-25,1017862.6666666666,0.480800119597222,176941.66666666666,0.08461726941666665,912151.0,0.4345826109305553,40364.0
2020-05-26,1002749.6666666666,0.48081257145833334,186159.33333333334,0.0901368904027778,892575.6666666666,0.429050538125,39498.333333333336
2020-05-27,971566.3333333334,0.4775223708194443,177056.0,0.08742461736111112,882513.6666666666,0.4350530118194446,39513.0
2020-05-28,1016803.3333333334,0.4928328040277778,170980.66666666666,0.08366720475000004,869770.3333333334,0.4234999912222222,42826.0
2020-05-29,1116027.3333333333,0.5255552323055555,152224.66666666666,0.07251779519444446,845461.6666666666,0.4019269724166666,44898.0
2020-05-30,1209384.0,0.5621115753888887,146311.33333333334,0.06815757923611114,794345.3333333334,0.36973084534722195,46793.0
2020-05-31,1275550.0,0.5913818838333333,133266.66666666666,0.061989457152777795,746526.3333333334,0.34662865905555523,44076.333333333336
2020-06-01,1238243.0,0.5942732218055556,124983.66666666667,0.0602880195277778,717486.3333333334,0.3454387587222219,40719.0
2020-06-02,1147660.6666666667,0.5637617945833336,121596.33333333333,0.060075379124999995,761020.0,0.3761628262916666,39220.666666666664
2020-06-03,1058296.3333333333,0.5427023623750004,126181.66666666667,0.0649090730972222,766490.6666666666,0.39238856447222226,38563.666666666664
2020-06-04,1030421.6666666666,0.536724033513889,129462.33333333333,0.06728299368055553,764736.6666666666,0.39599297276388895,42398.333333333336
2020-06-05,958252.6666666666,0.5439235087916667,127510.33333333333,0.07260043088888886,678073.3333333334,0.3834760603611109,44575.0
2020-06-06,1040478.0,0.5249484283750001,159167.0,0.07806478033333332,804215.0,0.39698679131944425,46442.0
2020-06-07,1154374.0,0.5191916776388891,187739.33333333334,0.0829066605,892575.6666666666,0.3979016618749999,43362.666666666664
2020-06-08,1287552.3333333333,0.49574734208333343,232371.66666666666,0.08913098330555556,1077591.0,0.41512167455555554,39664.333333333336
2020-06-09,1256041.0,0.4813963657777777,242147.0,0.09123833125000001,1121114.0,0.4273653028749999,38768.0
2020-06-10,1239039.3333333333,0.45651188880555543,267734.3333333333,0.09693665155555557,1220345.0,0.44655145956944425,40491.666666666664
2020-06-11,1287306.0,0.4476596198194444,281475.0,0.0966826448888889,1315314.3333333333,0.4556577352499999,43552.333333333336
2020-06-12,1340268.6666666667,0.45032004161111105,293040.6666666667,0.09799845773611111,1346123.6666666667,0.45168150061111123,46910.0
2020-06-13,1362334.6666666667,0.45916972341666673,291109.6666666667,0.0978218213888889,1314240.0,0.44300845511111125,47909.0
2020-06-14,1405354.3333333333,0.48576058555555574,285574.3333333333,0.09853554026388889,1201905.0,0.415703874013889,46329.0
2020-06-15,1490840.0,0.5015903270694447,278004.6666666667,0.0938995805138889,1199259.0,0.4045100923055556,42110.666666666664
2020-06-16,1502651.6666666667,0.4928060733472224,268529.3333333333,0.08814282404166668,1278163.3333333333,0.4190511025555556,42131.333333333336
2020-06-17,1500396.0,0.47463031815277773,262011.33333333334,0.08237552359722224,1395798.3333333333,0.44299415820833327,45459.333333333336
2020-06-18,1398045.0,0.45202868181944433,276445.0,0.08922362098611099,1418172.3333333333,0.45874769719444425,50886.333333333336
2020-06-19,1325528.6666666667,0.43027315619444434,294724.3333333333,0.09565610797222224,1457928.6666666667,0.47407073579166664,53760.666666666664
2020-06-20,1259903.3333333333,0.41628004715277767,305763.0,0.10054980105555557,1461687.0,0.4831701518194446,55240.333333333336
2020-06-21,1309198.0,0.439536641847222,286579.0,0.095607578888889,1383256.6666666667,0.46485577926388894,53211.666666666664
2020-06-22,1384065.6666666667,0.46433793675000007,277186.0,0.09335930094444445,1318003.3333333333,0.4423027623055556,52067.0
2020-06-23,1495372.0,0.4787166510833334,279184.0,0.09010749037499997,1348013.6666666667,0.43117585854166657,54211.0
2020-06-24,1508853.6666666667,0.45757192855555573,281445.3333333333,0.08605935668055553,1504671.0,0.4563687147638889,58151.333333333336
2020-06-25,1599222.0,0.461701057763889,282732.0,0.08196402945833332,1570720.6666666667,0.45633491279166655,62406.666666666664
2020-06-26,1691820.3333333333,0.47058368191666694,292027.6666666667,0.08167124737499999,1597018.3333333333,0.44774507068055563,65105.666666666664
2020-06-27,1734172.3333333333,0.481671404902778,306149.0,0.08522506656944444,1553271.6666666667,0.43310352851388895,66516.66666666667
2020-06-28,1704832.0,0.481245477875,305091.6666666667,0.08631008949999996,1529566.0,0.4324444326805556,65439.333333333336
2020-06-29,1630760.0,0.47549518623611103,291059.3333333333,0.0846936378611111,1510755.3333333333,0.4398111759166666,61980.0
2020-06-30,1702211.3333333333,0.480717552,285050.0,0.08078506470833334,1550423.3333333333,0.43849738331944427,64205.0
2020-07-01,1759511.6666666667,0.48033435240277805,316816.6666666667,0.0865457562638889,1578577.0,0.43311989129166656,68443.66666666667
2020-07-02,1779923.3333333333,0.4796126065555557,331673.6666666667,0.08961940584722224,1591583.6666666667,0.4307679876249999,75493.0
2020-07-03,1726467.6666666667,0.47042266358333346,361573.0,0.0984726179999999,1575244.6666666667,0.4311047183749999,77982.33333333333
2020-07-04,1671957.6666666667,0.46850882809722205,369775.0,0.1033180865138889,1523115.3333333333,0.4281730854166666,77607.0
2020-07-05,1657307.0,0.4731122382083333,365007.0,0.10452373559722224,1471423.0,0.42236402623611097,74604.66666666667
2020-07-06,1699394.0,0.480644921263889,332782.0,0.09555130181944456,1489823.6666666667,0.42380377694444427,70419.66666666667
2020-07-07,1693460.6666666667,0.47676391198611134,284504.0,0.08140823600000001,1565302.0,0.4418278519861109,72934.66666666667
2020-07-08,1689627.3333333333,0.46588700988888904,278076.6666666667,0.07713881647222219,1652866.0,0.45697417361111087,77293.0
2020-07-09,1605443.3333333333,0.45460426647222235,277876.3333333333,0.07876735183333329,1648450.3333333333,0.4666283816666666,84383.33333333333
2020-07-10,1603376.6666666667,0.4660599478333334,287726.3333333333,0.0831179841111111,1554991.6666666667,0.45082206802777763,88718.33333333333
2020-07-11,1546285.6666666667,0.469624571375,296821.3333333333,0.090086580486111,1433882.0,0.44028884813888897,88977.66666666667
2020-07-12,1456267.0,0.470003105736111,308169.6666666667,0.10025331611111092,1310612.0,0.4297435781527779,87263.33333333333
2020-07-13,1532563.6666666667,0.4578267634305557,339997.3333333333,0.10381930172222202,1444787.0,0.4383539348333336,83117.33333333333
2020-07-14,1623147.3333333333,0.45964838900000005,330181.3333333333,0.09600717874999991,1565741.3333333333,0.4443444321944446,84874.66666666667
2020-07-15,1859928.3333333333,0.47565681044444436,320921.6666666667,0.08298758144444447,1717645.6666666667,0.4413556081388889,89088.33333333333
2020-07-16,1905222.6666666667,0.4928545404444444,273946.6666666667,0.0715200631527778,1679455.6666666667,0.43562539644444426,96219.66666666667
2020-07-17,1965789.0,0.5036464994861111,265991.6666666667,0.06870045198611113,1665416.0,0.4276530485416666,99522.0
2020-07-18,1840924.3333333333,0.49271084897222245,270997.0,0.07383878155555557,1609359.6666666667,0.4334503694305556,99255.66666666667
2020-07-19,1742650.6666666667,0.4832861090694444,297854.3333333333,0.08391580137499999,1551268.3333333333,0.432798089541667,92889.66666666667
2020-07-20,1611635.6666666667,0.4738194758333334,306048.3333333333,0.09094614811111111,1475178.3333333333,0.4352343760277779,88604.33333333333
2020-07-21,1589674.3333333333,0.47144218283333333,308719.6666666667,0.09243893376388886,1472076.3333333333,0.436118883375,87999.66666666667
2020-07-22,1523802.6666666667,0.456213292263889,309469.3333333333,0.09353483554166665,1504299.6666666667,0.4502518721666666,92479.0
2020-07-23,1510179.3333333333,0.45078756288888905,318188.6666666667,0.0958462727638889,1514280.0,0.45336616431944426,96574.0
2020-07-24,1464288.6666666667,0.4490931969583334,310619.6666666667,0.09588503844444447,1478323.3333333333,0.4550217645416666,101134.66666666667
2020-07-25,1437630.6666666667,0.45321642037500004,287920.0,0.090866649375,1446152.3333333333,0.4559169301805553,99998.33333333333
2020-07-26,1413368.0,0.4599505534444444,265023.3333333333,0.08606769523611109,1398351.6666666667,0.45398175127777757,93480.0
2020-07-27,1427617.6666666667,0.45537762431944434,271169.6666666667,0.08600453601388887,1439725.3333333333,0.45861783966666664,87538.0
2020-07-28,1527713.3333333333,0.45915313455555534,277426.6666666667,0.08386806588888888,1518873.6666666667,0.4569787995555556,86542.0
2020-07-29,1567442.0,0.44313663011111104,305578.0,0.08696667022222221,1653510.6666666667,0.46989669965277797,92256.66666666667
2020-07-30,1645625.3333333333,0.4535261530416667,301615.3333333333,0.08387396740277776,1669931.0,0.46259987955555554,96797.0
2020-07-31,1594639.6666666667,0.44991508688888904,312727.0,0.0885160534861111,1628954.6666666667,0.461568859625,100667.0
2020-08-01,1538016.0,0.45664674050000004,304585.3333333333,0.09147419233333344,1513586.6666666667,0.4518790671249999,97615.0
2020-08-02,1468014.6666666667,0.45134507422222203,297294.6666666667,0.09182633504166678,1480208.6666666667,0.45682859066666665,86511.0
2020-08-03,1428968.3333333333,0.4562275686805554,284268.0,0.0914099960000001,1411874.6666666667,0.45236243522222225,78611.66666666667
2020-08-04,1511747.0,0.466451169875,275466.0,0.08578710180555553,1444215.0,0.44776172827777766,77962.33333333333
2020-08-05,1453279.6666666667,0.465235262402778,268203.0,0.08664482852777777,1390367.3333333333,0.4481199090416666,84641.33333333333
2020-08-06,1467157.3333333333,0.4701970101509663,258557.66666666666,0.08334419292391303,1384661.6666666667,0.44645879694021723,88623.0
2020-08-07,1403940.3333333333,0.4633512844981884,255727.66666666666,0.0844761048683575,1364449.0,0.45217261063466196,92114.66666666667
2020-08-08,1418265.6666666667,0.4755339217723427,264496.3333333333,0.08888557406642526,1301544.0,0.4355805041769323,90156.33333333333
2020-08-09,1434821.0,0.48142436645350206,267381.3333333333,0.09035282295048323,1278213.0,0.42822281061171497,83286.33333333333
2020-08-10,1494852.0,0.4833954194257244,287662.0,0.09409725126992767,1309671.3333333333,0.42250732932004825,78365.0
2020-08-11,1536127.6666666667,0.4687517296932367,302773.3333333333,0.0928901548218599,1431804.0,0.4383581154861113,78955.66666666667
2020-08-12,1435828.3333333333,0.4548941311666667,306444.0,0.09754353604166667,1404793.3333333333,0.4475623327500003,84502.0
2020-08-13,1345091.6666666667,0.44877885781944443,285718.0,0.09506809558333333,1362095.3333333333,0.4561530466111113,87632.66666666667
2020-08-14,1289651.6666666667,0.44917938626207704,260865.0,0.09084734052415457,1318673.6666666667,0.4599732732421499,94112.66666666667
2020-08-15,1284376.3333333333,0.44620578640096603,280648.3333333333,0.0981640139824878,1303264.6666666667,0.45563019963103857,92209.66666666667
2020-08-16,1255774.0,0.45732972391485505,269038.0,0.09768301145471003,1220416.0,0.44498726464492755,83458.66666666667
2020-08-17,1227354.0,0.457093768,269375.0,0.09910218287499989,1191295.3333333333,0.44380404912499993,73380.0
2020-08-18,1271039.3333333333,0.45993434825,265908.3333333333,0.09470630597222222,1232878.6666666667,0.4453593457916665,71548.66666666667
2020-08-19,1281532.3333333333,0.44840180145833336,296909.3333333333,0.10317563916666665,1278591.3333333333,0.4484225593611109,77421.66666666667
2020-08-20,1325242.0,0.45371071461111107,307175.0,0.10557101243055556,1282150.6666666667,0.44071827291666654,81664.66666666667
2020-08-21,1365103.3333333333,0.45392036125000007,296797.0,0.09937547381944446,1337037.6666666667,0.4467041649166666,87147.66666666667
2020-08-22,1413458.0,0.4629271994444444,274316.3333333333,0.09004477000000004,1362462.3333333333,0.4470280304722222,85049.33333333333
2020-08-23,1506233.3333333333,0.47001162109722233,274202.6666666667,0.0858292076666667,1417673.0,0.4441591711249999,77446.33333333333
2020-08-24,1514018.3333333333,0.472071131111111,278087.0,0.08717047412500005,1410972.3333333333,0.44075839461111127,73241.66666666667
2020-08-25,1538625.3333333333,0.46600427198611105,296559.6666666667,0.09008764123611114,1460609.0,0.4439080867083332,73393.66666666667
2020-08-26,1502137.0,0.4600212440694444,281392.3333333333,0.0862942836527778,1480098.3333333333,0.4536844722361109,79054.0
2020-08-27,1514350.3333333333,0.46393628048611096,266341.6666666667,0.08169023781944447,1481127.0,0.45437348156944424,85066.0
2020-08-28,1548410.3333333333,0.47338472811111104,249618.33333333334,0.07665223477777781,1468431.3333333333,0.44996303698611095,90227.66666666667
2020-08-29,1462067.3333333333,0.47686921012499967,257574.0,0.08522830743055558,1339372.3333333333,0.43790248230555556,89790.0
2020-08-30,1412237.0,0.47895014430555544,269342.3333333333,0.092846707361111,1260329.3333333333,0.4282031483333333,78502.66666666667
2020-08-31,1379514.0,0.48220571883333346,261976.0,0.092868350236111,1210901.3333333333,0.42492593091666664,75696.0
2020-09-01,1459039.0,0.48851603906944474,274515.0,0.09321901820833323,1241563.0,0.4182649427361109,77301.0
2020-09-02,1496548.6666666667,0.48890428926388907,273728.0,0.09015560983333333,1273529.3333333333,0.42094010094444423,84774.66666666667
2020-09-03,1510871.3333333333,0.4868756700416667,298017.6666666667,0.09678447470833333,1279370.3333333333,0.4163398553749999,87455.33333333333
2020-09-04,1435947.3333333333,0.47468809345833335,292572.6666666667,0.0975261489722221,1281633.0,0.42778575768055566,93794.0
2020-09-05,1316038.0,0.4669896470416666,287764.0,0.10347291381944435,1203042.6666666667,0.4295374391805556,93593.33333333333
2020-09-06,1144313.3333333333,0.4492896843333334,267102.6666666667,0.105772164625,1129552.3333333333,0.44493815099999995,84225.33333333333
2020-09-07,1137307.3333333333,0.450979338625,265037.6666666667,0.10585276305555567,1111546.3333333333,0.44316789829166653,77480.33333333333
2020-09-08,1213957.0,0.4562268480138891,264924.0,0.10083007958333344,1169102.0,0.4429430723888889,73596.66666666667
2020-09-09,1489288.6666666667,0.481430354652778,266014.6666666667,0.09020031491666668,1290520.0,0.42836933040277786,80456.33333333333
2020-09-10,1776107.6666666667,0.505480436763889,260983.0,0.0789833506111111,1417216.0,0.4155362126388889,83542.66666666667
2020-09-11,1849719.6666666667,0.5115295717222225,254378.33333333334,0.0737859468888889,1458013.6666666667,0.41468448130555563,94832.0
2020-09-12,1662023.6666666667,0.49650951638888907,249078.0,0.07760275081944444,1388079.6666666667,0.42588773273611125,96811.0
2020-09-13,1412721.3333333333,0.480892964125,236325.66666666666,0.0817937183888889,1267807.3333333333,0.43731331738888896,90102.33333333333
2020-09-14,1328572.6666666667,0.4704423813333334,246620.0,0.08809452356944443,1238837.6666666667,0.44146309509722226,86858.66666666667
2020-09-15,1357401.0,0.46421881865277764,259618.0,0.08932400604166667,1302402.6666666667,0.4464571753611109,87166.0
2020-09-16,1348864.3333333333,0.442555460375,283749.0,0.09396030581944444,1412568.3333333333,0.4634842338333332,96608.33333333333
2020-09-17,1459920.0,0.4444359414027777,294101.6666666667,0.0908800341111111,1519477.6666666667,0.4646840244999999,100220.0
2020-09-18,1514611.0,0.44792647958333337,298283.0,0.08993072687499999,1551012.0,0.4621427934583333,109882.0
2020-09-19,1410340.3333333333,0.4624340707916667,274279.3333333333,0.09302418609722234,1354880.0,0.4445417430555556,109281.33333333333
2020-09-20,1248476.0,0.46582267879166667,250455.0,0.09548002545833346,1176945.6666666667,0.43869729570833327,101306.33333333333
2020-09-21,1180092.3333333333,0.4620623954305554,251883.66666666666,0.09996183097222222,1120491.6666666667,0.4379757735555556,102759.33333333333
2020-09-22,1373012.3333333333,0.458574676097222,299873.0,0.10125987412499991,1317596.0,0.4401654497083332,104640.33333333333
2020-09-23,1387153.3333333333,0.4492551465138887,309324.3333333333,0.10140985155555543,1366181.3333333333,0.4493350018611109,113112.0
2020-09-24,1380561.6666666667,0.4481011655138887,317394.6666666667,0.10304076130555544,1372288.6666666667,0.44885807319444426,112571.0
2020-09-25,1253151.0,0.44201004369444435,297549.3333333333,0.10387498265277777,1282500.3333333333,0.4541149737361109,121490.33333333333
2020-09-26,1268983.3333333333,0.45167637720833337,294985.3333333333,0.10507996406944443,1252791.6666666667,0.4432436587916666,120641.33333333333
2020-09-27,1169458.6666666667,0.4573356119583334,271766.0,0.10732392569444443,1110132.0,0.4353404624166666,109350.0
2020-09-28,1115019.3333333333,0.4601509496944444,252892.66666666666,0.1059022278611111,1049003.0,0.43394682251388894,102825.0
2020-09-29,1099282.3333333333,0.451099435,257988.33333333334,0.10617135329166667,1080413.3333333333,0.4427292117916666,100844.66666666667
2020-09-30,1194239.0,0.4566291605555557,271864.6666666667,0.10577583711111134,1133473.0,0.4375950023194443,114242.0
2020-10-01,1211261.3333333333,0.45248796725,272399.6666666667,0.10370380684722234,1175774.6666666667,0.44380822588888863,119786.66666666667
2020-10-02,1508258.3333333333,0.4360977061666667,417286.3333333333,0.11560992536111132,1572047.6666666667,0.4482923685138886,133429.33333333334
2020-10-03,1825167.3333333333,0.4236549753055557,483853.0,0.11051511405555565,2006676.6666666667,0.4658299106527776,134190.33333333334
2020-10-04,2172177.0,0.43944227781944467,525247.0,0.10575556276388899,2250724.3333333335,0.4548021593888886,130605.0
2020-10-05,2297542.6666666665,0.47949154304166663,429561.3333333333,0.08954319822222223,2061356.3333333333,0.4309652585972219,135270.66666666666
2020-10-06,2385680.3333333335,0.5060813955138886,384860.6666666667,0.08236483118055556,1919082.3333333333,0.4115537732499996,137960.0
2020-10-07,2316219.6666666665,0.5015170135138886,377033.3333333333,0.08210127981944447,1894934.3333333333,0.41638170662499957,152595.33333333334
2020-10-08,2084028.3333333333,0.47656874719444425,357291.0,0.08386169438888891,1891582.3333333333,0.43956955838888856,161152.66666666666
2020-10-09,1782596.3333333333,0.4517404146944443,342252.3333333333,0.08827662302777779,1800067.3333333333,0.45998296219444423,176673.0
2020-10-10,1713662.0,0.45620426729166663,325299.0,0.08843719309722224,1703362.3333333333,0.4553585395833332,181967.66666666666
2020-10-11,1665364.3333333333,0.4721480594583333,289918.6666666667,0.08363977383333333,1571163.3333333333,0.4442121667361109,168502.66666666666
2020-10-12,1628733.6666666667,0.4780549528055557,274894.3333333333,0.08163827281944443,1498952.0,0.4403067744444442,160814.0
2020-10-13,1585865.6666666667,0.471469799486111,278914.0,0.08313820833333334,1497501.0,0.4453919922083333,160391.33333333334
2020-10-14,1511131.3333333333,0.461751432,287718.0,0.08751657048611113,1474356.6666666667,0.4507319974999999,184151.66666666666
2020-10-15,1460856.3333333333,0.458546547138889,291099.0,0.09160164963888891,1424087.0,0.4498518031805556,207606.0
2020-10-16,1403983.3333333333,0.4641744139861113,271490.0,0.09005967474999999,1343075.6666666667,0.4457659112638889,229184.33333333334
2020-10-17,1352581.0,0.4653454607361113,262722.3333333333,0.09121224052777777,1282425.3333333333,0.44344229876388885,228995.66666666666
2020-10-18,1315440.0,0.4629802181805556,265569.3333333333,0.094226308763889,1253968.3333333333,0.4427934730833332,215056.33333333334
2020-10-19,1254862.0,0.44190281519444463,280255.0,0.0985271771250001,1302412.0,0.4595700077083333,215778.0
2020-10-20,1322006.6666666667,0.43815471875000006,292106.6666666667,0.09804595387500009,1384942.0,0.4637993273749999,223047.33333333334
2020-10-21,1370468.3333333333,0.45191119430555565,286446.0,0.09473519018055554,1372084.0,0.45335361558333326,251310.0
2020-10-22,1419998.6666666667,0.47420828661111103,280596.3333333333,0.09507893769444442,1286212.6666666667,0.4307127757083333,272310.6666666667
2020-10-23,1398166.0,0.47935889772222234,276960.3333333333,0.096388532125,1236901.0,0.42425257020833324,304035.0
2020-10-24,1357949.6666666667,0.4727120490555557,267262.6666666667,0.09526257268055556,1230520.6666666667,0.4320253782638889,312236.3333333333
2020-10-25,1358369.0,0.46675763918055563,264734.6666666667,0.09293500044444447,1274400.3333333333,0.44030736041666657,285804.6666666667
2020-10-26,1347703.0,0.46790862318055565,253087.0,0.08957233022222222,1261748.3333333333,0.44251904661111124,296359.3333333333
2020-10-27,1390549.6666666667,0.47753030873611096,254788.33333333334,0.08887982359722224,1249310.3333333333,0.43358986772222224,302431.0
2020-10-28,1363465.3333333333,0.48215420609722237,251084.66666666666,0.09031031547222224,1195270.0,0.42753547851388896,343441.3333333333
2020-10-29,1330550.6666666667,0.47352129148611105,274186.0,0.09857818170833323,1193577.3333333333,0.4279005269583332,352669.0
2020-10-30,1353325.3333333333,0.469310966736111,292685.0,0.10212828583333323,1232148.3333333333,0.4285607475416666,384178.3333333333
2020-10-31,1255773.6666666667,0.4649093786453653,285804.3333333333,0.10599534074681101,1156199.0,0.4290952806494899,379290.3333333333
2020-11-01,1300698.6666666667,0.47454661790925434,289952.6666666667,0.105852121274589,1144096.0,0.4196012608022676,361121.3333333333
2020-11-02,1270945.3333333333,0.467837229075921,298593.3333333333,0.10997022470514467,1140819.0,0.42219254624671193,369120.3333333333
2020-11-03,1317128.0,0.46275264781944436,312778.3333333333,0.11052744237500033,1205526.0,0.4267199097916663,397424.6666666667
2020-11-04,1191418.6666666667,0.45972525269444436,285323.0,0.11029206520833368,1117097.6666666667,0.4299826820416663,415966.6666666667
2020-11-05,1117865.6666666667,0.4566014143055557,268412.6666666667,0.10986538545833367,1066279.6666666667,0.4335332001527776,422380.3333333333
2020-11-06,1079202.6666666667,0.45439891131944465,269461.3333333333,0.113284679916667,1030807.0,0.43231640870833327,437623.6666666667
2020-11-07,1126300.3333333333,0.4407105108055556,307946.6666666667,0.119838676791667,1114843.0,0.4394508124305556,456750.0
2020-11-08,1088378.0,0.44217876824999996,308158.0,0.12390202197222233,1062970.3333333333,0.43391920981944426,420005.0
2020-11-09,1093489.6666666667,0.4202751502777777,352333.0,0.12812165827777766,1204001.3333333333,0.45160319151388856,389998.6666666667
2020-11-10,1070507.0,0.41213939729166665,343004.3333333333,0.1258794861805553,1236911.0,0.46198111655555524,375979.0
2020-11-11,1092655.0,0.40144302479166666,344833.6666666667,0.12166025304166665,1318003.3333333333,0.4768967221666666,414076.3333333333
2020-11-12,1175275.3333333333,0.420434253138889,310653.0,0.11284353705555565,1297055.0,0.46672220976388895,446256.0
2020-11-13,1383254.0,0.44402053873611136,324754.3333333333,0.10644501755555565,1377889.3333333333,0.4495344436527779,471990.0
2020-11-14,1436972.3333333333,0.44577741333333365,345638.0,0.109242292611111,1420278.0,0.44498029401388894,461051.0
2020-11-15,1451313.0,0.4575934063194447,348997.3333333333,0.11260605208333334,1353317.3333333333,0.42980054161111125,420178.3333333333
2020-11-16,1336902.3333333333,0.44665187825,340694.6666666667,0.11550915974999999,1305075.0,0.43783896208333334,394732.6666666667
2020-11-17,1370976.0,0.45189328405555534,343458.0,0.11461236768055566,1312219.3333333333,0.4334943482777776,401202.3333333333
2020-11-18,1391438.3333333333,0.447079435111111,353992.6666666667,0.11481079297222234,1354200.3333333333,0.4381097718888886,434586.0
2020-11-19,1460391.6666666667,0.45369860729166667,362229.0,0.11341742694444466,1380603.3333333333,0.43288396572222193,457747.0
2020-11-20,1476264.0,0.4450996864166667,384879.6666666667,0.11776305597222232,1437206.0,0.4371372576249999,469879.6666666667
2020-11-21,1459673.3333333333,0.432729076347222,396582.6666666667,0.120171668986111,1494909.0,0.4470992546527776,459880.3333333333
2020-11-22,1406015.3333333333,0.43112728838888864,381370.6666666667,0.11961122024999966,1456270.0,0.44926149127777765,413353.6666666667
2020-11-23,1401408.3333333333,0.4396781223194443,350144.3333333333,0.11208121740277766,1423116.3333333333,0.4482406602499996,379688.0
2020-11-24,1373520.0,0.4457208305972223,325634.3333333333,0.10705071075,1368477.0,0.44722845865277766,381215.3333333333
2020-11-25,1354701.6666666667,0.44670012669444464,328961.0,0.10903146540277799,1339036.0,0.44426840787499994,417146.6666666667
2020-11-26,1310726.6666666667,0.44383531044444463,366283.0,0.12352165583333334,1265530.3333333333,0.4326430336111113,414756.6666666667
2020-11-27,1241246.3333333333,0.447606259263889,370241.3333333333,0.13351390563888899,1154608.3333333333,0.41887983497222225,426944.0
2020-11-28,1134647.0,0.44222146334722234,342541.6666666667,0.13305261568055565,1077434.0,0.4247259209027779,403448.6666666667
2020-11-29,1102365.6666666667,0.45311780380555566,283542.3333333333,0.11890877009722232,1025800.3333333334,0.4279734260694446,379994.3333333333
2020-11-30,1167291.3333333333,0.4584908403194447,278265.6666666667,0.11170674672222232,1073291.0,0.4298024129722222,339791.6666666667
2020-12-01,1699490.0,0.4646708922222224,403085.3333333333,0.11133759263888898,1545658.6666666667,0.42399151512499994,353370.0
2020-12-02,2013311.6666666667,0.4497965924166667,530391.6666666666,0.12073981833333365,1920613.3333333333,0.4294635892083332,398039.3333333333
2020-12-03,1820288.0,0.442057649611111,487391.6666666667,0.12065940348611133,1774164.6666666667,0.43728294683333324,442970.3333333333
2020-12-04,1835018.6666666667,0.439681083,479677.6666666667,0.11882578649999999,1812832.6666666667,0.4414931304722223,463476.3333333333
2020-12-05,1557111.3333333333,0.4572270534722224,353968.0,0.10778938604166666,1461728.3333333333,0.43498356047222225,465148.3333333333
2020-12-06,1745645.0,0.46735348034722235,398356.3333333333,0.10761298083333333,1601495.3333333333,0.4250335388472222,427138.6666666667
2020-12-07,1295650.6666666667,0.451911747888889,325974.6666666667,0.11297740691666665,1251168.3333333333,0.43511084524999993,389162.0
2020-12-08,1348390.6666666667,0.43720538159722233,362041.3333333333,0.11771696416666666,1371432.6666666667,0.44507765429166657,392222.0
2020-12-09,1404291.3333333333,0.4340273397916667,361318.3333333333,0.11367638155555566,1444332.6666666667,0.4522962786666666,426089.3333333333
2020-12-10,1409276.6666666667,0.4531951893055553,330746.6666666667,0.10773536797222233,1355467.0,0.4390694426249999,472217.3333333333
2020-12-11,1305376.6666666667,0.45667089674999967,299328.0,0.10628458669444434,1234814.0,0.437044516486111,487364.0
2020-12-12,1161583.3333333333,0.44235426949999973,310670.3333333333,0.11962268673611098,1132594.0,0.43802304373611095,483432.3333333333
2020-12-13,1072743.6666666667,0.4302478355555554,314321.0,0.12699244255555567,1089433.3333333333,0.4427597219027776,441943.3333333333
2020-12-14,1102645.6666666667,0.42544664970833335,329358.0,0.1277557620972223,1149271.0,0.4467975883194442,401665.0
2020-12-15,1165551.3333333333,0.42612259441666667,324004.3333333333,0.11888976788888898,1241086.6666666667,0.45498763781944424,405595.0
2020-12-16,1246270.6666666667,0.428478645875,328253.3333333333,0.11292232204166665,1330067.0,0.4585990322499999,450330.3333333333
2020-12-17,1319569.0,0.43372357245833326,319566.0,0.10643551761111121,1390440.0,0.45984090991666665,497657.0
2020-12-18,1405090.0,0.44594743708333334,307284.6666666667,0.09899590879166666,1424516.6666666667,0.45505665411111124,518097.0
2020-12-19,1475364.0,0.46091415125000007,295864.0,0.09373225301388888,1414119.0,0.4453535956944446,492027.0
2020-12-20,1484830.3333333333,0.47245181943055536,282833.0,0.09148199380555555,1360731.0,0.4360661868055556,443282.3333333333
2020-12-21,1531697.0,0.4745008011805553,270274.0,0.08548678272222222,1414986.0,0.4400124161249999,400895.3333333333
2020-12-22,1578079.3333333333,0.474477096736111,267209.0,0.08149641402777776,1474398.0,0.44402648919444426,414065.6666666667
2020-12-23,1544175.3333333333,0.4655027820277777,285550.0,0.08733353741666654,1481129.6666666667,0.44716368048611094,457050.3333333333
2020-12-24,1357964.3333333333,0.454050134736111,299038.3333333333,0.10372100562499975,1308148.6666666667,0.4422288595694443,486976.0
2020-12-25,1034973.6666666666,0.429932825583333,298723.3333333333,0.13160837076388865,1043267.6666666666,0.4384588036527776,433213.6666666667
2020-12-26,887330.0,0.43628950480555534,261621.66666666666,0.13357254772222196,859090.0,0.43013794752777756,389529.6666666667
2020-12-27,942747.6666666666,0.45983544988888864,242130.0,0.12686729279166667,815513.6666666666,0.41329725734722195,329739.6666666667
2020-12-28,1141295.0,0.4774850660277776,241240.0,0.10503048384722223,980523.3333333334,0.41748445018055524,345940.6666666667
2020-12-29,1289657.3333333333,0.47436604926388865,261259.66666666666,0.09826829025000013,1161360.3333333333,0.42736566044444424,382371.3333333333
2020-12-30,1413140.3333333333,0.4600782224583333,280056.6666666667,0.09231292913888889,1369949.0,0.44760884834722225,459722.0
2020-12-31,1448581.3333333333,0.454409293111111,319876.6666666667,0.10064208783333332,1415007.0,0.4449486189305556,528913.6666666666
2021-01-01,1385485.3333333333,0.44448072796915167,355126.3333333333,0.11806737076626743,1352886.3333333333,0.43745190118124766,506851.3333333333
2021-01-02,1308165.6666666667,0.4583615750787667,347223.6666666667,0.12326160664361367,1189955.0,0.41837681822206396,484896.3333333333
2021-01-03,1288924.0,0.46687722467968734,317751.0,0.11874117152559566,1134218.6666666667,0.41438160379471695,426682.3333333333
2021-01-04,1350365.0,0.46869923353983994,286796.3333333333,0.10158084727345836,1245757.6666666667,0.4297199191867012,424942.0
2021-01-05,1368619.0,0.4462988706263136,292891.6666666667,0.09752881620655252,1404752.3333333333,0.4561723131671336,447438.6666666667
2021-01-06,1382493.0,0.43361737264726835,302659.3333333333,0.09550991475524952,1500005.6666666667,0.4708727125974819,504916.6666666667
2021-01-07,1307296.6666666667,0.43920451154339063,293980.6666666667,0.09868424654080415,1378219.0,0.46211124191580527,581717.6666666666
2021-01-08,1227215.0,0.444239945301399,281878.3333333333,0.10193588740438299,1249677.0,0.4538241672942179,606993.6666666666
2021-01-09,1076305.3333333333,0.44943907275675404,247042.66666666666,0.10325222901989799,1067493.0,0.44730869822334823,593657.6666666666
2021-01-10,1027868.6666666666,0.44963526162398165,234523.0,0.10283724427693479,1019263.0,0.4475274940990839,520247.0
2021-01-11,1020230.3333333334,0.45009637607418035,240483.33333333334,0.10546903002288445,1007099.6666666666,0.44443459390293527,464247.6666666667
2021-01-12,1107094.6666666667,0.4428630329300716,262053.0,0.10498299213063979,1135142.6666666667,0.4521539749392883,453068.6666666667
2021-01-13,1195557.3333333333,0.44217687366215735,274944.6666666667,0.10229982101952502,1233007.0,0.45552330531831725,488766.6666666667
2021-01-14,1171706.6666666667,0.4333184774727406,271941.6666666667,0.10055483183594767,1261537.0,0.4661266906913116,516069.0
2021-01-15,1126105.0,0.43628136842993337,256283.33333333334,0.09948448242774903,1191612.3333333333,0.4642341491423176,529317.3333333334
2021-01-16,1144659.3333333333,0.434860931370501,284812.0,0.10827609803633598,1187641.3333333333,0.456862970593163,496934.0
2021-01-17,1172180.3333333333,0.4468368670004117,292125.3333333333,0.11286959140968833,1137352.6666666667,0.4402935415898999,439239.0
2021-01-18,1190291.3333333333,0.44737762828759403,310079.6666666667,0.11717002418527132,1149441.3333333333,0.43545234752713496,386855.0
2021-01-19,1139491.0,0.4422916414266617,296960.0,0.11467310315945733,1141321.3333333333,0.4430352554138816,377396.6666666667
2021-01-20,1113223.3333333333,0.4256755802118966,322687.0,0.12280325493141132,1179866.0,0.4515211648566926,415158.0
2021-01-21,1129824.3333333333,0.41647264087847297,324732.6666666667,0.12060357696486701,1259027.0,0.4629237821566603,442720.0
2021-01-22,1137806.3333333333,0.41140298598651465,329861.6666666667,0.12093946072134032,1295175.3333333333,0.4676575532921449,460698.0
2021-01-23,1156340.3333333333,0.4117336067822733,309275.3333333333,0.111427973055786,1336954.0,0.4768384201619406,430332.6666666667
2021-01-24,1137677.0,0.40849949531632196,284563.0,0.10346680721173775,1353333.0,0.4880336974719402,379850.6666666667
2021-01-25,1122871.0,0.4081835713398123,259957.0,0.09528470570920329,1363449.6666666667,0.49653172295098424,347854.6666666667
2021-01-26,1152028.3333333333,0.41265545406462406,262715.6666666667,0.09531518765519097,1364468.6666666667,0.49202935828018496,339840.0
2021-01-27,1202572.3333333333,0.42669770767331405,280304.3333333333,0.10023074483525579,1325208.6666666667,0.47307154749142993,372866.3333333333
2021-01-28,1169348.0,0.4248974796091816,307505.6666666667,0.11193419241424991,1262617.0,0.46316832797656793,389149.6666666667
2021-01-29,1110198.0,0.4188065963391933,319215.0,0.12054367218576727,1213868.0,0.46064973147503857,404303.6666666667
2021-01-30,1041638.3333333334,0.4150836231054673,305820.0,0.12079669386883533,1161104.0,0.46411968302569656,379869.3333333333
2021-01-31,1073588.3333333333,0.428837916527189,272230.0,0.10982401327680796,1151684.3333333333,0.46133807019600287,327359.3333333333
2021-02-01,1079405.3333333333,0.430264744520664,245510.0,0.09823356941848262,1183412.6666666667,0.4715016860608536,299837.3333333333
2021-02-02,1075767.3333333333,0.41973956170228705,257612.66666666666,0.10069785942023396,1231786.0,0.47956257887747955,286591.6666666667
2021-02-03,1085917.3333333333,0.4099570905136836,285693.3333333333,0.10765280133553734,1275621.0,0.48239010815077926,314608.0
2021-02-04,1064250.3333333333,0.4053102258784653,295576.3333333333,0.11371723140235633,1257330.0,0.4809725427191789,307468.0
2021-02-05,1016864.3333333334,0.3995668120645224,298412.3333333333,0.11849707055176499,1214896.6666666667,0.4819361173837133,333454.0
2021-02-06,780673.6666666666,0.39195456147759167,239055.66666666666,0.11918659322316866,973422.6666666666,0.48885884529924023,310452.6666666667
2021-02-07,774703.0,0.4069160351431496,208843.66666666666,0.1096540576938848,915421.6666666666,0.48342990716296597,284914.6666666667
2021-02-08,833452.3333333334,0.42267113634164505,200800.0,0.10385069517717012,917144.6666666666,0.4734781684811849,237755.0
2021-02-09,1005085.0,0.4238335926472754,244971.0,0.10293010863375013,1115985.3333333333,0.4732362987189746,230743.33333333334
2021-02-10,,,,,,,249145.33333333334
2021-02-11,1007135.3333333334,0.42221156559302964,264994.3333333333,0.11153365103610598,1105919.3333333333,0.4662547833708643,268142.6666666667
2021-02-12,1009931.0,0.4265675370423183,278917.6666666667,0.11722045798156033,1074412.3333333333,0.4562120049761213,275963.0
2021-02-13,981016.3333333334,0.43976358863239035,263541.3333333333,0.11679567250731533,986114.0,0.44344073886029456,261551.33333333334
2021-02-14,908739.6666666666,0.43740956943827597,250831.0,0.12066243293091533,913153.6666666666,0.441927997630809,225179.66666666666
2021-02-15,876279.6666666666,0.43826804026510763,223137.33333333334,0.11435550568750567,888992.3333333334,0.44737645404738696,191741.0
2021-02-16,911975.0,0.43423932430863466,227773.33333333334,0.11146882097543893,950819.3333333334,0.45429185471592626,182173.33333333334
2021-02-17,1037171.6666666666,0.44489002024955265,232556.33333333334,0.1007947760729982,1054128.6666666667,0.45431520367744893,202895.0
2021-02-18,1047725.6666666666,0.4441221163515274,234713.66666666666,0.1000751302003472,1064691.3333333333,0.45580275344812526,228729.33333333334
2021-02-19,1032200.0,0.43750839558305527,237452.33333333334,0.1017209960605196,1072555.0,0.4607706083564249,245058.66666666666
2021-02-20,922905.6666666666,0.4313587202191373,219739.66666666666,0.10375447990409765,983928.6666666666,0.46488679987676457,239686.33333333334
2021-02-21,873402.3333333334,0.43169355868282633,208786.0,0.10439313129535865,932927.0,0.46391331002181424,219255.0
2021-02-22,900426.0,0.43767027451747564,210208.0,0.10294944065235433,941833.0,0.4593802848301693,192265.66666666666
2021-02-23,1022044.3333333334,0.43995984541761396,241243.66666666666,0.10454720616822233,1053229.6666666667,0.45549294841416366,194141.66666666666
2021-02-24,1071402.0,0.4313158849638367,260312.33333333334,0.10501552903218365,1149723.6666666667,0.4636685860039796,221214.66666666666
2021-02-25,777692.0,0.40669214489471034,190874.0,0.09361589321094166,839797.3333333334,0.4996919618943479,253185.66666666666
2021-02-26,588909.3333333334,0.3887568177897183,149156.66666666666,0.0872236686094275,654587.6666666666,0.5240195136008536,264984.3333333333
2021-02-27,407893.0,0.395987408593718,101713.0,0.07686722969098446,423886.3333333333,0.5271453617152976,252567.33333333334
2021-02-28,643430.6666666666,0.425192785586832,171853.0,0.09536472202877912,638258.0,0.4794424923843885,224743.66666666666
2021-03-01,678280.3333333334,0.408988874938919,189249.0,0.09940987815458996,762705.6666666666,0.491601246906491,193756.0
2021-03-02,855047.3333333334,0.3980054987900254,236360.66666666666,0.11087830858196167,992528.0,0.491116192628013,165388.33333333334
2021-03-03,982045.6666666666,0.398720200025601,237673.33333333334,0.10045956471317968,1137164.6666666667,0.5008202352612197,190954.66666666666
2021-03-04,1097891.0,0.42430113050934964,253583.0,0.1005163447154287,1208896.0,0.47518252477522194,221719.0
2021-03-05,1110518.6666666667,0.419717553584721,271875.6666666667,0.10402959097160802,1248747.6666666667,0.47625285544367096,259718.66666666666
2021-03-06,998721.6666666666,0.40692628076495035,274101.6666666667,0.11212963566368933,1179597.0,0.48094408357136026,249959.0
2021-03-07,943879.3333333334,0.403392329891864,263505.0,0.11328279175777199,1123109.0,0.4833248783503636,224087.33333333334
2021-03-08,881966.3333333334,0.41271604520732935,254683.33333333334,0.11814636388368499,998802.6666666666,0.46913759090898527,190537.66666666666
2021-03-09,876698.0,0.412251225826812,260881.33333333334,0.12237014505322234,981689.3333333334,0.4653786291199653,188777.0
2021-03-10,880968.3333333334,0.40168622196829834,277598.0,0.12569366615998567,1051762.6666666667,0.47262011187171593,217100.0
2021-03-11,922923.6666666666,0.389299187533132,297363.0,0.125565399180716,1162457.3333333333,0.48513541328615223,252913.0
2021-03-12,972253.0,0.3847099029399643,324472.0,0.127338506090206,1244754.3333333333,0.48795159096982993,268181.3333333333
2021-03-13,934939.0,0.40542081967288807,306861.0,0.13136377705621868,1088432.6666666667,0.46321540327089356,262656.6666666667
2021-03-14,867940.3333333334,0.42955258783982303,253947.33333333334,0.122424553208828,922884.3333333334,0.4480228589513486,240272.33333333334
2021-03-15,799301.6666666666,0.4428040246923904,211219.66666666666,0.119235528272349,787254.6666666666,0.43796044703526027,212253.66666666666
2021-03-16,810528.0,0.43659978354265533,204690.33333333334,0.11123535776918132,839741.0,0.45216485868816325,209760.33333333334
2021-03-17,873171.6666666666,0.45078746202412767,208006.33333333334,0.10859372808767133,850170.6666666666,0.4406188098882013,241728.0
2021-03-18,899154.6666666666,0.4587448048617313,197340.33333333334,0.0996292483401639,864362.3333333334,0.44162594679810524,278202.3333333333
2021-03-19,914354.0,0.4580361372699517,211478.33333333334,0.1046591452826579,872739.0,0.43730471744739097,295298.3333333333
2021-03-20,891684.6666666666,0.43533789720065535,242125.33333333334,0.11616882340568924,914305.6666666666,0.44849327939365596,286062.6666666667
2021-03-21,898977.6666666666,0.42686773189760235,259274.0,0.12290673712938167,936597.0,0.45022553097301626,259513.66666666666
2021-03-22,904610.3333333334,0.4192247935778293,263920.3333333333,0.12090367146362634,985388.6666666666,0.45987153495854427,231760.0
2021-03-23,911915.3333333334,0.40999780307833666,258065.33333333334,0.11598595061987167,1047945.0,0.4740162463017919,226431.0
2021-03-24,909923.0,0.4120598991755224,248829.0,0.11211106125527266,1045084.6666666666,0.4758290395692049,273729.6666666667
2021-03-25,894863.3333333334,0.4147800528014973,232558.66666666666,0.10774073644442433,1029723.6666666666,0.47747921075407823,315366.6666666667
2021-03-26,827137.0,0.4063819200136643,211976.0,0.10378666397724268,995833.0,0.48983141600909225,343448.3333333333
2021-03-27,754428.6666666666,0.39645026199594974,203732.33333333334,0.10637473731498599,950082.6666666666,0.497175000689064,322276.0
2021-03-28,724815.0,0.40865787666305,194525.0,0.10974887334791167,854259.0,0.4815932499890379,283360.0
2021-03-29,785871.3333333334,0.41899927126983233,204936.0,0.11133230837603199,878835.0,0.46966842035413525,244587.33333333334
2021-03-30,892739.0,0.424904925414798,217178.0,0.10582897243262711,986717.0,0.4692661021525746,239945.0
2021-03-31,946730.0,0.41438835015048864,229719.0,0.10221616995264478,1098919.6666666667,0.48339547989686626,280496.0
2021-04-01,946098.0,0.41713604274139565,224691.0,0.09928400053391544,1089163.6666666667,0.48357995672468895,323648.0
2021-04-02,892454.6666666666,0.412627271956926,222367.66666666666,0.10303154386616502,1045422.0,0.48434118417690897,329564.3333333333
2021-04-03,838987.3333333334,0.41283429858147397,210646.66666666666,0.10354536070831499,978550.0,0.48362034071021087,292186.6666666667
2021-04-04,768071.6666666666,0.4078334619908594,202814.33333333334,0.10824737950877666,908690.0,0.4839191585003639,258226.33333333334
2021-04-05,784152.6666666666,0.40658425821607835,216026.66666666666,0.109900461092541,933658.3333333334,0.48351528069138056,222950.33333333334
2021-04-06,846401.6666666666,0.394476429554629,241557.66666666666,0.11110113830007166,1071258.6666666667,0.49442243214529924,218313.0
2021-04-07,934763.0,0.38983096503331466,262988.0,0.10814545413806699,1209608.0,0.5020235808286185,221701.66666666666
2021-04-08,957409.6666666666,0.3884452586698203,262120.0,0.10595901090629634,1245137.0,0.5055957304238835,284723.3333333333
2021-04-09,949260.0,0.39960028995253266,250899.66666666666,0.10507532096257434,1177389.3333333333,0.4953243890848933,306675.6666666667
2021-04-10,899815.3333333334,0.4077010205139513,225706.0,0.1014087209605622,1082307.6666666667,0.49089025852548623,299683.6666666667
2021-04-11,857466.6666666666,0.42268111746033904,196498.33333333334,0.0960224471650956,975623.3333333334,0.48129643537456523,266309.3333333333
2021-04-12,714565.6666666666,0.42770653473335035,150624.66666666666,0.08850176926741012,799506.6666666666,0.48379169599923927,242058.0
2021-04-13,725564.3333333334,0.4358808747655707,163217.33333333334,0.09581448793291593,768347.3333333334,0.4683046373015132,261622.33333333334
2021-04-14,703257.0,0.426050576307232,172805.33333333334,0.10196042862733252,774353.0,0.47198899506543524,270151.0
2021-04-15,797557.6666666666,0.42061957771494635,200498.66666666666,0.10617406125087832,899425.6666666666,0.47320636103417524,299082.6666666667
2021-04-16,824054.6666666666,0.412618467650181,207659.66666666666,0.10303687854666266,968424.3333333334,0.48434465380315594,299951.6666666667
2021-04-17,847147.3333333334,0.41306176082058066,210063.33333333334,0.100828199137153,999196.6666666666,0.48611004004226593,273569.6666666667
2021-04-18,927727.3333333334,0.4181653484690397,218874.66666666666,0.09826842391836284,1078179.6666666667,0.4835662276125972,231318.33333333334
2021-04-19,979614.3333333334,0.4144108886557047,226973.66666666666,0.09519561164145217,1170959.0,0.49039349970284324,197473.33333333334
2021-04-20,1056717.3333333333,0.41119317803038435,253066.66666666666,0.09742372725020916,1272302.0,0.4913830947194066,206670.66666666666
2021-04-21,1062592.3333333333,0.4036221320086483,271668.3333333333,0.10234277257662666,1311818.0,0.49403509541472496,240165.33333333334
2021-04-22,1086658.6666666667,0.409149623763833,267840.3333333333,0.1005494110037057,1315108.3333333333,0.49030096523246125,268281.0
2021-04-23,1100041.0,0.4058036492696587,261901.66666666666,0.0963004316322017,1362676.6666666667,0.49789591909813957,267452.6666666667
2021-04-24,1061842.0,0.40957256574382733,249592.0,0.09598030060787394,1293451.6666666667,0.4944471336482985,245885.0
2021-04-25,1085287.3333333333,0.409841931038164,259730.0,0.09766273010556266,1313266.6666666667,0.4924953388562729,205359.33333333334
2021-04-26,1123409.6666666667,0.41189606088297565,270981.3333333333,0.09902904299520164,1342444.0,0.48907489612182253,171483.33333333334
2021-04-27,1253275.3333333333,0.410533852442404,299934.0,0.0980777832441329,1508854.0,0.4913883643134629,175614.66666666666
2021-04-28,1229882.6666666667,0.40510244691389,311539.6666666667,0.1026453430914358,1499456.3333333333,0.49225220999467423,202112.33333333334
2021-04-29,1211282.0,0.4044152066355943,313125.3333333333,0.10456819104714016,1476258.0,0.4910166023172655,230885.66666666666
2021-04-30,1146705.0,0.4014015757390494,318353.3333333333,0.11084819792206334,1399895.6666666667,0.4877502263388876,228789.33333333334
2021-05-01,1137480.0,0.40250818068895566,319609.0,0.11292792216403834,1375567.6666666667,0.48456389714700654,208284.66666666666
2021-05-02,1075492.0,0.4060162973001143,311917.6666666667,0.11629801555742299,1275218.3333333333,0.4776856871424629,165360.33333333334
2021-05-03,1063434.3333333333,0.408324326927745,296279.0,0.11297060302485366,1253859.6666666667,0.4787050700474016,143320.66666666666
2021-05-04,1089177.0,0.415141656265557,278345.6666666667,0.10608474454990897,1260185.3333333333,0.4787735991845339,144556.66666666666
2021-05-05,1097728.3333333333,0.40537568371886534,277749.3333333333,0.1026994864961193,1333028.3333333333,0.4919248297850152,171113.33333333334
2021-05-06,1012544.0,0.39841148706295965,265764.6666666667,0.1052261324249273,1260246.6666666667,0.4963623805121129,186708.33333333334
2021-05-07,948253.0,0.3859957223175737,273076.0,0.11057275901415133,1246173.0,0.503431518668275,188851.66666666666
2021-05-08,923359.0,0.38885264089270305,266111.6666666667,0.11162387617315467,1198639.3333333333,0.4995234829341426,174091.0
2021-05-09,942316.6666666666,0.3966354443904554,261367.0,0.10886206417342666,1190504.0,0.49450249143611824,140794.33333333334
2021-05-10,958004.3333333334,0.39575838851267003,293855.0,0.116457203647941,1192531.3333333333,0.4877844078393892,120272.0
2021-05-11,813591.3333333334,0.3995837297347283,243357.66666666666,0.10897845756805254,1002720.0,0.4914378126972189,124516.33333333333
2021-05-12,882099.3333333334,0.39824485412057736,277472.0,0.11501214066399519,1072853.6666666667,0.4867430052154272,145125.33333333334
2021-05-13,919477.6666666666,0.4063176892384477,250270.0,0.10625204561223721,1098899.3333333333,0.4874302651493149,153483.66666666666
2021-05-14,1195519.0,0.4045314805361877,331531.3333333333,0.11352390258403633,1432368.6666666667,0.4819446168797759,150766.0
2021-05-15,1220971.3333333333,0.404806934637278,322906.3333333333,0.10764575745470266,1479779.3333333333,0.48754730790801926,137836.66666666666
2021-05-16,1187308.3333333333,0.410369317464604,303424.3333333333,0.104884583545328,1410714.0,0.4847460989900679,117564.33333333333
2021-05-17,1125122.3333333333,0.41865272673515436,286376.0,0.10595022112044367,1284890.3333333333,0.4753970521444019,100492.0
2021-05-18,1145671.6666666667,0.42884732214803534,269590.0,0.1010810946270954,1259877.0,0.4700715832248692,101924.0
2021-05-19,1143552.0,0.4276375824981204,275163.6666666667,0.10246863647882938,1261397.6666666667,0.4698937810230503,117789.0
2021-05-20,1089237.6666666667,0.421009723862751,265881.0,0.10316020324260072,1231465.6666666667,0.47583007289464824,123076.0
2021-05-21,961809.0,0.4022844581388083,268799.3333333333,0.11234432076372634,1160017.3333333333,0.4853712210974656,122345.33333333333
2021-05-22,890943.3333333334,0.40169200239186226,246440.66666666666,0.11108899203683902,1079940.3333333333,0.4872190055712989,107507.33333333333
2021-05-23,875962.6666666666,0.40346412037156326,222621.66666666666,0.10270683706112678,1075506.0,0.4938290425673099,92096.33333333333
2021-05-24,942266.3333333334,0.41246445404760496,213662.33333333334,0.09381942141634647,1126116.6666666667,0.4937161245360482,78734.0
2021-05-25,988318.6666666666,0.407234784532746,232736.66666666666,0.09500742822603414,1210892.6666666667,0.4977577872412196,78000.66666666667
2021-05-26,1038928.3333333334,0.415221491546673,244990.33333333334,0.09717896127053356,1220462.0,0.4875995471827932,88685.33333333333
2021-05-27,1041340.6666666666,0.418282034878591,243998.66666666666,0.09739703286814566,1211496.3333333333,0.48432093225326317,99685.66666666667
2021-05-28,1013998.0,0.41796029170633137,227098.66666666666,0.09337250847810034,1188338.3333333333,0.4886671998155682,103109.33333333333
2021-05-29,944659.6666666666,0.4112778049101933,227691.0,0.09942024907243445,1128385.0,0.4893019460173722,93921.66666666667
2021-05-30,854700.6666666666,0.40982975405580535,232790.33333333334,0.11336883978389267,1001247.3333333334,0.47680140616030187,75669.33333333333
2021-05-31,773331.3333333334,0.40388424084763797,234381.33333333334,0.12324911920554567,905958.3333333334,0.4728666399468162,61779.333333333336
2021-06-01,722405.0,0.3990828575650993,218799.33333333334,0.12125596798162902,867483.0,0.4796611744532715,66418.33333333333
2021-06-02,771893.0,0.3983907796603687,214753.66666666666,0.11145973434125434,945511.3333333334,0.4901494859983769,73149.0
2021-06-03,851652.6666666666,0.4050544725068907,220138.66666666666,0.10484282452770967,1026136.6666666666,0.49010270296539954,86971.0
2021-06-04,908794.0,0.4141363300279353,227104.66666666666,0.10311329739496733,1059706.6666666667,0.48275037257709724,84335.66666666667
2021-06-05,813038.6666666666,0.41950650942218,198853.33333333334,0.10161520975731937,930691.3333333334,0.47887828082050055,79947.33333333333
2021-06-06,716626.3333333334,0.43047271041339963,171882.66666666666,0.1028984550789937,779929.3333333334,0.4666288345076069,62476.0
2021-06-07,649393.6666666666,0.425377507886099,159059.0,0.10272509526492037,733172.3333333334,0.47189739684898085,56954.666666666664
2021-06-08,667522.6666666666,0.41753954266090737,172977.0,0.10667387019655467,774709.6666666666,0.47578658714253824,59435.666666666664
2021-06-09,705015.0,0.3992352748696857,190224.66666666666,0.10670282208919833,882513.6666666666,0.4940619030411155,70419.33333333333
2021-06-10,686859.3333333334,0.39585172034617533,187963.66666666666,0.107873341763563,863285.6666666666,0.49627493789026117,77356.33333333333
2021-06-11,699175.3333333334,0.394324941511811,191523.33333333334,0.10773148354624466,883155.0,0.49794357494194386,81283.33333333333
2021-06-12,670745.6666666666,0.40470303565605564,176476.33333333334,0.10601692474980766,808500.6666666666,0.4892800395941366,74028.33333333333
2021-06-13,694612.3333333334,0.41700228233381464,167231.33333333334,0.10127059965870233,793153.3333333334,0.4817271180074829,61892.666666666664
2021-06-14,717280.0,0.4261004837151093,163174.66666666666,0.09762408654464333,789771.0,0.4762754297402476,54931.0
2021-06-15,766885.6666666666,0.42761374551839265,177556.0,0.09850643491458833,841575.3333333334,0.47387981956701924,57447.333333333336
2021-06-16,772264.0,0.41858208130251,196074.0,0.105684034547255,874018.6666666666,0.4757338841502352,64204.0
2021-06-17,737220.3333333334,0.41649275496016697,190258.66666666666,0.107085020383112,842952.3333333334,0.4764222246567209,65740.0
2021-06-18,695198.3333333334,0.411596899122942,179317.66666666666,0.10626287489934433,815427.6666666666,0.4821402259777136,70351.33333333333
2021-06-19,661018.3333333334,0.4201566935712357,162787.66666666666,0.10311491728394,753976.3333333334,0.4767283891448239,67164.33333333333
2021-06-20,625902.0,0.422541445081731,150910.33333333334,0.10161840704748999,706940.3333333334,0.4758401478707783,62244.666666666664
2021-06-21,646704.6666666666,0.42280463474153734,156318.0,0.10132004311082767,733697.6666666666,0.4758753221476342,56863.0
2021-06-22,667712.3333333334,0.4091638467719447,177257.66666666666,0.10672029908715101,796504.3333333334,0.4841158541409039,60626.333333333336
2021-06-23,711152.6666666666,0.4033486493569997,191254.0,0.10752612462808535,866041.0,0.48912522601491487,70082.0
2021-06-24,710497.3333333334,0.4126439456483953,185191.0,0.10682603253411978,829271.0,0.4805300218174849,76196.66666666667
2021-06-25,728168.3333333334,0.42183582714199636,170188.0,0.09851740661119719,830604.6666666666,0.4796467662468065,84130.0
2021-06-26,741428.6666666666,0.4352557280226683,160844.33333333334,0.09454839853782958,800237.3333333334,0.4701958734395022,81733.33333333333
2021-06-27,742033.3333333334,0.438060593398157,153627.66666666666,0.09073856566218456,797160.0,0.4712008409396586,73383.66666666667
2021-06-28,761467.6666666666,0.44019711536175365,163243.66666666666,0.0935803141595138,807218.6666666666,0.46622257047873256,71777.66666666667
2021-06-29,766839.6666666666,0.43505954285405735,172304.66666666666,0.09657709114017754,828877.6666666666,0.46836336600576517,75853.33333333333
2021-06-30,778817.6666666666,0.4325389600519447,180481.0,0.09888967073231297,848662.6666666666,0.4685713692157423,90466.66666666667
2021-07-01,730051.6666666666,0.42585940554436336,183891.0,0.10687276300673632,803452.0,0.4672678314488999,98007.0
2021-07-02,685628.0,0.4192081898038753,181549.66666666666,0.11093783757205188,770572.6666666666,0.4698539726240722,111665.0
2021-07-03,635118.0,0.42275396397442333,170536.0,0.11226300312561381,702498.6666666666,0.46498303289996223,106696.33333333333
2021-07-04,622361.0,0.4331384111078343,154284.66666666666,0.10720344499706647,660526.0,0.4596581438950986,94646.66666666667
2021-07-05,689247.6666666666,0.44352580768260536,157471.66666666666,0.10293837031750495,703578.3333333334,0.4535358219998889,92108.33333333333
2021-07-06,775866.3333333334,0.43972140447801067,171906.0,0.09940508176016993,818464.6666666666,0.4608735137618189,106221.66666666667
2021-07-07,864041.6666666666,0.44115192660949604,181107.66666666666,0.09329010040805781,914892.3333333334,0.4655579729824459,127879.0
2021-07-08,865570.3333333334,0.43946841226084166,177489.66666666666,0.089824464222566,930051.3333333334,0.4707071235165922,135911.0
2021-07-09,843264.0,0.44502957855491737,176213.66666666666,0.0927456271500347,876484.0,0.46222479429504754,154107.0
2021-07-10,859588.3333333334,0.45718735586281567,166832.66666666666,0.08920945670176901,849523.6666666666,0.4536031874354149,146618.0
2021-07-11,961252.0,0.473006305143903,171767.66666666666,0.08722248992543198,879953.3333333334,0.4397712049306645,135238.66666666666
2021-07-12,1031633.3333333334,0.4849429301462537,175062.33333333334,0.08385205462982885,910986.0,0.43120501522391724,129219.66666666667
2021-07-13,1036608.3333333334,0.48457087246499037,181288.33333333334,0.0861893833407948,913643.6666666666,0.42923974419421485,154306.33333333334
2021-07-14,945522.6666666666,0.4827848006357977,171391.66666666666,0.08667186586660408,844279.6666666666,0.43054333349759827,180485.33333333334
2021-07-15,904854.6666666666,0.472162514408234,166642.33333333334,0.08673327794876047,842984.6666666666,0.44110420764300556,192892.0
2021-07-16,966681.6666666666,0.4699315789800403,181486.66666666666,0.08791654086323779,905776.6666666666,0.4421518801567215,214373.33333333334
2021-07-17,1090428.0,0.4778927620659213,201308.66666666666,0.08890216303030228,977557.0,0.4332050749037762,204385.0
2021-07-18,1160707.6666666667,0.482335239898702,216127.66666666666,0.09042352886903804,1023516.0,0.42724123123225954,185196.66666666666
2021-07-19,1188268.0,0.479055460525266,222403.0,0.09033655294694694,1064381.0,0.4306079865277869,176172.66666666666
2021-07-20,1216375.0,0.47318828476164104,217974.33333333334,0.08611898755836939,1126992.6666666667,0.4406927276799895,195557.0
2021-07-21,1315419.6666666667,0.48414853483640136,219335.33333333334,0.08185002598534274,1169128.6666666667,0.43400143917825623,224948.66666666666
2021-07-22,1334666.6666666667,0.488852603680685,220911.0,0.08213280507930142,1161608.3333333333,0.42901459124001384,227431.0
2021-07-23,1317380.0,0.48889418458150363,230460.33333333334,0.08668260006397939,1134803.3333333333,0.4244232153545169,248179.66666666666
2021-07-24,1248072.3333333333,0.4833010644109097,232601.66666666666,0.09096863967185531,1093854.6666666667,0.4257302959172346,230934.0
2021-07-25,1186573.0,0.4894086798561366,219395.0,0.09085756313298872,1015256.0,0.4197337570108742,196680.33333333334
2021-07-26,1118351.3333333333,0.4847778538692,215023.33333333334,0.09358724806498381,967671.6666666666,0.42163489806581583,186498.0
2021-07-27,1114266.6666666667,0.4775270762862716,216026.0,0.09329181026287131,1006125.3333333334,0.42918111345085724,204247.0
2021-07-28,1191909.6666666667,0.4647170982666324,232655.66666666666,0.09169076139955351,1146607.0,0.44359214033381417,240280.33333333334
2021-07-29,1304194.3333333333,0.4598172545804657,243798.33333333334,0.08744412213465907,1282719.3333333333,0.4527386232848752,243406.0
2021-07-30,1423425.0,0.46613116795702464,247497.33333333334,0.08247011409030597,1366522.3333333333,0.4513987179526689,285856.0
2021-07-31,1326772.0,0.4740427033586183,221768.66666666666,0.08100008454585512,1234918.0,0.44495721209552586,260752.0
2021-08-01,1287997.0,0.48571489772496096,202150.33333333334,0.077825105039821,1148207.3333333333,0.4364599972352175,225983.0
2021-08-02,1189364.3333333333,0.47615344423186695,200181.66666666666,0.08106568490783898,1105736.0,0.4427808708602939,196821.66666666666
2021-08-03,1268659.3333333333,0.4662511771720297,215736.33333333334,0.07998219216813302,1234159.0,0.4537666306598372,228222.66666666666
2021-08-04,1303846.0,0.4584742459171917,236324.0,0.08408278411010041,1298808.6666666667,0.45744296997270784,269810.3333333333
2021-08-05,1387073.0,0.46514255377409297,247428.33333333334,0.08455114423772747,1330851.0,0.4503063019881795,274528.0
2021-08-06,1405811.0,0.4700873472877727,252348.33333333334,0.0856602174007678,1319131.6666666667,0.44425243531145986,331393.3333333333
2021-08-07,1381605.0,0.48001808889240033,243924.66666666666,0.08596522139318362,1243217.6666666667,0.4340166897144166,303875.3333333333
2021-08-08,1314164.3333333333,0.487187435193749,233886.0,0.08803886062057481,1141126.6666666667,0.4247737041856762,256588.0
2021-08-09,1338849.3333333333,0.49452432620028564,231996.0,0.08819379044927704,1122191.6666666667,0.41728188335043687,219924.66666666666
2021-08-10,1388692.6666666667,0.4926814414516803,236381.33333333334,0.08617237561889528,1178307.0,0.4211461829294236,251096.0
2021-08-11,1417912.0,0.48860356678153,233406.0,0.08202918169508289,1235725.3333333333,0.4293672515233866,317750.0
2021-08-12,1432038.0,0.48784418914205835,226780.0,0.07821001068154974,1267091.3333333333,0.43394580017639184,320609.0
2021-08-13,1336605.6666666667,0.4765784761186617,214905.0,0.07816339708522015,1241052.6666666667,0.44525812679611826,363910.3333333333
2021-08-14,1254285.0,0.47803942341493005,207579.66666666666,0.08108236975183931,1151273.6666666667,0.4408782068332309,316449.6666666667
2021-08-15,1098317.6666666667,0.477501569656607,192426.66666666666,0.08505753606557998,999349.6666666666,0.4374408942778129,258190.0
2021-08-16,958393.6666666666,0.47845718794805864,173918.0,0.08873909542137152,852956.0,0.43280371663056955,245057.33333333334
2021-08-17,926884.6666666666,0.46307972960426663,177370.66666666666,0.08885693091444395,898207.6666666666,0.4480633394812889,283404.6666666667
2021-08-18,1007704.6666666666,0.45073688610674295,196518.66666666666,0.08912313668775491,1033043.3333333334,0.46013997720550154,351350.6666666667
2021-08-19,1158409.3333333333,0.45163181057875335,223486.33333333334,0.08766524196262591,1174237.6666666667,0.46070294745862056,342025.6666666667
2021-08-20,1239784.6666666667,0.46300444951734,229801.33333333334,0.08687694850882448,1197859.3333333333,0.45011860197383524,381857.6666666667
2021-08-21,1246118.3333333333,0.4845437996163084,223487.66666666666,0.08705798003130709,1098320.0,0.42839822035238456,337302.3333333333
2021-08-22,1225885.0,0.4916014293253947,207399.0,0.08364940333269688,1054566.0,0.4247491673419082,275501.3333333333
2021-08-23,1190197.6666666667,0.4891750057268503,194734.33333333334,0.08093242028751814,1045163.0,0.4298925739856316,258812.66666666666
2021-08-24,1127239.6666666667,0.47656679408075336,188615.33333333334,0.08075092273110467,1043649.3333333334,0.44268228318814185,298550.6666666667
2021-08-25,1111655.3333333333,0.4753206658938606,188860.66666666666,0.08192871995867913,1035182.6666666666,0.4427506141474602,365776.0
2021-08-26,1107790.6666666667,0.4830714855464417,186083.66666666666,0.08218067654763174,989572.6666666666,0.4347478379059266,360996.3333333333
2021-08-27,1134852.3333333333,0.4848148158727057,186357.0,0.08103296270201692,1016361.0,0.43415222142527754,379771.0
2021-08-28,1148986.3333333333,0.488931517721889,181402.66666666666,0.07908524633969874,1009447.6666666666,0.4319832359384122,335312.3333333333
2021-08-29,1137190.6666666667,0.500337448891332,170907.33333333334,0.07705336259801987,958460.0,0.4226091885106482,266139.6666666667
2021-08-30,1139755.0,0.5048933064071823,166997.0,0.0754797830203914,941893.3333333334,0.4196269105724262,264241.6666666667
2021-08-31,1110361.0,0.49793347571915136,174396.33333333334,0.07885134465522267,945092.0,0.4232151796256262,294692.3333333333
2021-09-01,1124183.6666666667,0.482623674979121,191441.33333333334,0.08342509957394871,1004176.3333333334,0.4339512254469302,373120.3333333333
2021-09-02,1213527.6666666667,0.486100470283018,210850.33333333334,0.0862997970433188,1050976.6666666667,0.4275997326736632,359634.6666666667
2021-09-03,1219570.3333333333,0.490159671854125,207449.33333333334,0.08522748483797617,1038282.6666666666,0.4246128433078989,386873.0
2021-09-04,1155043.3333333333,0.493758046463105,197504.33333333334,0.08658400469232401,967369.3333333334,0.41965794884457086,326534.6666666667
2021-09-05,997223.0,0.48268351549227534,192517.33333333334,0.09541004334212122,864354.6666666666,0.42190644116560355,265911.0
2021-09-06,938981.6666666666,0.48208797801796033,186417.0,0.0969367704918425,811484.3333333334,0.4209752514901968,201914.0
2021-09-07,994482.6666666666,0.480205729576804,184824.33333333334,0.09139132858766291,882290.0,0.42840294183553324,279086.3333333333
2021-09-08,1034180.6666666666,0.481767616892937,175114.33333333334,0.08354266452722137,928602.3333333334,0.4346897185798415,337686.3333333333
2021-09-09,1132041.0,0.4740423587147557,187067.33333333334,0.08138138578440678,1051482.0,0.4445762555008379,383248.3333333333
2021-09-10,1272571.6666666667,0.47811458887049163,215271.0,0.08468088074076412,1138481.3333333333,0.43720453038874457,358446.6666666667
2021-09-11,1264967.3333333333,0.4820979415815323,209462.0,0.08271486846554271,1119213.6666666667,0.4351871899529252,316213.3333333333
2021-09-12,1160028.3333333333,0.4856307532297733,195851.33333333334,0.08408029747962338,1008025.0,0.43028894929060324,250993.0
2021-09-13,1019834.6666666666,0.4780647692933353,178195.0,0.0842776015328992,924374.0,0.4376576291737653,252564.66666666666
2021-09-14,1055158.3333333333,0.468237377716005,192693.0,0.0861943513383704,995380.0,0.4455682709456243,281503.0
2021-09-15,1088846.0,0.462720608895832,202910.0,0.08728026891584696,1044482.0,0.44999912218832055,339199.0
2021-09-16,1088009.3333333333,0.465655087951457,203885.66666666666,0.08887291781325511,1025419.0,0.4454719942352872,316964.3333333333
2021-09-17,1083043.3333333333,0.4747317821943204,200803.0,0.0888510187569423,984526.3333333334,0.4364171990487369,336081.0
2021-09-18,1054089.6666666667,0.4852426987911416,196223.0,0.09129469665438399,914429.0,0.42346260455447426,290874.0
2021-09-19,999960.0,0.48525674789122336,182067.66666666666,0.08862954783756198,875580.3333333334,0.42611370427121487,241489.33333333334
2021-09-20,977692.6666666666,0.47753606150590033,177142.33333333334,0.0876527522421859,897511.3333333334,0.4348111862519139,230679.66666666666
2021-09-21,1007744.6666666666,0.4676908613750253,183271.0,0.08576842219850637,968991.0,0.44654071642646853,259549.0
2021-09-22,981259.3333333334,0.4472633228443707,193921.66666666666,0.08953728124627762,1019621.3333333334,0.4631993959093519,303280.6666666667
2021-09-23,929637.3333333334,0.44505013158652135,187387.0,0.09059836572292805,962911.6666666666,0.46435150269055087,289652.3333333333
2021-09-24,888295.6666666666,0.4368646206714713,186348.0,0.09163821254290917,966160.0,0.47149716678561954,310503.6666666667
2021-09-25,833186.6666666666,0.441914140042228,168598.66666666666,0.08967120610007244,889502.6666666666,0.4684146538576996,270666.0
2021-09-26,768344.0,0.44813864963225103,153235.0,0.08822384881306518,811066.3333333334,0.46363750155468386,231985.0
2021-09-27,790562.3333333334,0.45991616181489664,146707.66666666666,0.08694740786647921,772464.6666666666,0.4531364303186242,222261.66666666666
2021-09-28,866477.0,0.4683041315280043,158122.0,0.08596006415522343,823260.0,0.44573580431677257,254430.66666666666
2021-09-29,942343.3333333334,0.4684624600432106,169848.33333333334,0.08590217861901805,888890.0,0.4456353613377712,294595.3333333333
2021-09-30,942372.6666666666,0.47713136473781464,164196.33333333334,0.08358019841310345,863953.0,0.43928843684908153,284665.0
2021-10-01,751575.0,0.47951324033305637,127367.66666666667,0.08169993040520401,674536.0,0.4387868292617392,300084.0
2021-10-02,558121.6666666666,0.4821821088844896,93945.0,0.0816173288592608,496700.6666666667,0.4362005622562492,263336.6666666667
2021-10-03,363943.0,0.4865596142783404,62492.0,0.08329622957151071,323449.3333333333,0.4301441561501489,222188.33333333334
2021-10-04,346948.6666666667,0.48099625471666635,60194.0,0.08516641727719575,313644.3333333333,0.43383732800613783,214327.0
2021-10-05,356221.6666666667,0.464150597314028,62282.0,0.08296605530102784,351140.3333333333,0.45288334738494423,236493.33333333334
2021-10-06,397514.6666666667,0.44863740680388836,67705.0,0.07821130483453315,417951.6666666667,0.4731512883615789,281844.3333333333
2021-10-07,403764.6666666667,0.444759018638955,66486.33333333333,0.07393446171582141,433128.6666666667,0.4813065196452239,280503.6666666667
2021-10-08,383016.3333333333,0.4568103409149244,61746.666666666664,0.07452031278476955,391808.0,0.4686693463003066,296660.0
2021-10-09,433423.0,0.4600230089253703,80425.33333333333,0.08297456803484735,423501.6666666667,0.4570024230397825,261770.0
2021-10-10,535386.0,0.4682075115804767,109171.0,0.09339252210570997,497731.0,0.43839996631381356,222674.0
2021-10-11,663207.3333333334,0.4612198555555603,141103.0,0.09900881644780822,632030.3333333334,0.43977132799663154,205533.0
2021-10-12,774171.0,0.4632214625449184,155706.0,0.09592182173215008,729673.3333333334,0.44085671572293156,238731.0
2021-10-13,838070.0,0.46709384517373337,157376.33333333334,0.08944014078165363,785413.0,0.44346601404461294,284327.3333333333
2021-10-14,876158.6666666666,0.47727093894514533,157476.66666666666,0.086670929338305,797794.6666666666,0.43605813171654956,297819.6666666667
2021-10-15,812188.6666666666,0.4762712651927077,145578.66666666666,0.08575471982431794,745346.6666666666,0.4379740149829742,303457.6666666667
2021-10-16,748687.3333333334,0.478620326827533,135448.0,0.08702847636882954,678806.0,0.43435119680363754,269892.3333333333
2021-10-17,695613.0,0.48456172680178167,124449.0,0.0872742845181131,612537.3333333334,0.4281639886801052,235736.66666666666
2021-10-18,754624.6666666666,0.48406993569628964,132436.0,0.08704961057947512,659945.6666666666,0.4288804537242352,228753.0
2021-10-19,832097.0,0.480006713624016,143129.0,0.08437827338679364,744810.0,0.4356150129891902,258165.66666666666
2021-10-20,926234.6666666666,0.471627088756472,154014.33333333334,0.080166008245848,865566.0,0.44820690299767985,304736.6666666667
2021-10-21,906244.0,0.4603686287740007,173115.33333333334,0.08794611956860411,882600.6666666666,0.45168525165739526,316242.6666666667
2021-10-22,851198.3333333334,0.44708912115585636,179355.0,0.0951542291410124,866100.0,0.45775664970313157,329615.6666666667
2021-10-23,738987.6666666666,0.441816634982459,168525.33333333334,0.09955884603815497,764890.3333333334,0.4586245189793862,299535.3333333333
2021-10-24,654723.0,0.4530196077709913,133803.66666666666,0.0927565870972825,656027.3333333334,0.4542238051317263,258857.0
2021-10-25,650266.0,0.46790673598989097,122445.0,0.08872706197666208,614009.6666666666,0.44336620203344657,250248.33333333334
2021-10-26,672394.6666666666,0.4626358987997253,128062.66666666667,0.08790424726624611,656533.0,0.4494598539340282,275860.0
2021-10-27,687374.6666666666,0.44922870056514164,142587.33333333334,0.09281184580246891,708509.3333333334,0.45795945363238894,333139.3333333333
2021-10-28,672802.6666666666,0.4372256365480844,148812.33333333334,0.09668816348831466,720902.3333333334,0.46608619996360057,337248.6666666667
2021-10-29,662119.3333333334,0.43699847088072236,158188.33333333334,0.10540327309529401,695552.3333333334,0.45759825602398324,355832.6666666667
2021-10-30,625527.0,0.442562433414914,148803.0,0.10665507133598669,636645.0,0.45078249524909925,321598.0
2021-10-31,,,,,,,282937.6666666667
2021-11-01,614993.6666666666,0.438414453932685,155669.33333333334,0.11237073470550768,625748.0,0.44921481136180724,264146.0
2021-11-02,623827.6666666666,0.4456550541410697,144103.66666666666,0.10456482282332946,625407.3333333334,0.4497801230356006,275337.0
2021-11-03,665135.6666666666,0.4428931234021137,161093.33333333334,0.10694929490491382,675883.3333333334,0.4501575816929722,336369.0
2021-11-04,697198.0,0.4519102827600183,152671.66666666666,0.0993555952835818,692682.3333333334,0.4487341219563996,360575.0
2021-11-05,732989.0,0.4533861853981094,161094.33333333334,0.09955166994414838,720773.0,0.44706214465774224,388196.6666666667
2021-11-06,718005.3333333334,0.4596340109839263,141649.0,0.09170221266077644,692614.3333333334,0.4486637763552972,357936.3333333333
2021-11-07,700054.6666666666,0.47326876632640236,133175.0,0.08962569596435559,642692.0,0.4371055377092419,308190.3333333333
2021-11-08,689484.6666666666,0.4752298758084906,128449.66666666667,0.08972404318627325,622155.3333333334,0.4350460810052359,303380.3333333333
2021-11-09,730496.3333333334,0.47753279212057403,135009.66666666666,0.08811601108856494,661200.0,0.43435119679086087,322428.3333333333
2021-11-10,731631.3333333334,0.462303959275862,140610.0,0.08934432502766138,703849.3333333334,0.44835171569647664,391142.3333333333
2021-11-11,678221.6666666666,0.4542064647296003,133066.33333333334,0.08901364244011867,677622.6666666666,0.4567798928302806,397854.0
2021-11-12,659433.0,0.458772924753162,130436.66666666667,0.09103810175295514,642005.0,0.4501889734938822,433327.6666666667
2021-11-13,676032.0,0.47409688344209,131622.33333333334,0.09260490840899094,611612.3333333334,0.43329820814891856,391888.3333333333
2021-11-14,719632.3333333334,0.4909115355388956,133876.33333333334,0.09183116931364022,610961.6666666666,0.41725729514746385,347248.0
2021-11-15,714835.6666666666,0.48675673959970966,129864.66666666667,0.08902844108516507,623122.0,0.4242148193151252,338109.0
2021-11-16,702161.6666666666,0.47516353814040296,122829.0,0.08405414266696887,651703.0,0.4407823191926279,370364.3333333333
2021-11-17,690078.0,0.460457513115502,128746.0,0.0862632029450139,678485.6666666666,0.4532792839394839,453213.3333333333
2021-11-18,675927.3333333334,0.4448757359521463,133704.66666666666,0.08840873429271613,710467.3333333334,0.46671552975513725,471822.6666666667
2021-11-19,646636.6666666666,0.4354225050166097,135983.66666666666,0.09117602716371631,705977.0,0.4734014678196739,499397.0
2021-11-20,604184.6666666666,0.43400722850855206,134302.66666666666,0.09704470154783668,657816.3333333334,0.4689480699436112,453783.6666666667
2021-11-21,581981.0,0.44945640543528803,126619.33333333333,0.09826923215597132,586112.3333333334,0.45227436240874086,388254.0
2021-11-22,590095.0,0.4587880044867494,123975.33333333333,0.097435345618332,569616.6666666666,0.44377664989491894,397528.6666666667
2021-11-23,602574.6666666666,0.45501630774810903,123142.66666666667,0.09257616846141202,599911.6666666666,0.4524075237904792,423609.6666666667
2021-11-24,628301.0,0.4434034989136686,148805.66666666666,0.10024669204097571,650528.6666666666,0.4563498090453555,507125.0
2021-11-25,622232.0,0.43474365975308166,162765.66666666666,0.10944546194721168,654191.3333333334,0.45581087829970657,486993.3333333333
2021-11-26,685591.3333333334,0.42922333499032295,178643.66666666666,0.111278117882549,739175.6666666666,0.45949854712712784,497564.3333333333
2021-11-27,777922.0,0.4327421644037224,165184.66666666666,0.09705331211305056,846019.6666666666,0.47020452348322683,429435.6666666667
2021-11-28,939250.3333333334,0.441860066885644,168306.33333333334,0.08263636560191857,1000268.0,0.4755035675124372,377020.0
2021-11-29,1061267.6666666667,0.45192955653879396,174199.0,0.07453511181113624,1105382.0,0.4735353316500695,404973.3333333333
2021-11-30,1122973.6666666667,0.45178318427708036,192094.66666666666,0.07711271056163159,1168217.3333333333,0.47110410516128787,458635.6666666667
2021-12-01,1128104.6666666667,0.444324681997936,201979.0,0.07956113632670268,1208138.0,0.4761141816753609,548749.0
2021-12-02,1147826.0,0.443775308680076,204285.33333333334,0.07959502467679265,1230812.0,0.4766296666431309,554950.0
2021-12-03,1115001.0,0.44364752256667067,196043.66666666666,0.07889072990888585,1198211.3333333333,0.4774617475244432,581044.0
2021-12-04,1063242.6666666667,0.4574579647581826,183213.0,0.08004629404194563,1076706.0,0.4624957411998716,519061.3333333333
2021-12-05,969686.0,0.4696310916078563,167994.66666666666,0.08226337007305311,927410.6666666666,0.44810553831909056,432788.3333333333
2021-12-06,946637.3333333334,0.4814920848577076,160468.66666666666,0.08237540289236334,853463.0,0.4361325122499289,401291.0
2021-12-07,850455.6666666666,0.47591296485905604,146427.66666666666,0.08332217783306321,782074.3333333334,0.44076485730788084,458568.0
2021-12-08,849826.6666666666,0.46627913641741364,142443.66666666666,0.0798479103555722,827902.0,0.4538729532270142,528700.3333333334
2021-12-09,846525.3333333334,0.451691146164728,145005.0,0.07866730034518125,885829.0,0.4696415534900909,561770.0
