date,negative_avg,positive_avg,neutral_avg,total_count,new_cases
2020-01-22,0.297759167208333,0.0463636112083333,0.655877221541667,36333.0,0.0
2020-01-23,0.496622656541667,0.03662073,0.466756613375,203690.0,0.0
2020-01-24,0.421974544333333,0.0532214085,0.524804047125,568486.0,3.0
2020-01-25,0.442638943583333,0.04034343625,0.517017620375,856089.0,1.0
2020-01-26,0.429383953083333,0.0277351455,0.542880901291667,1137737.0,4.0
2020-01-27,0.517503256958333,0.029296915625,0.453199827375,871086.0,1.0
2020-01-28,0.4220220865,0.0504837338333333,0.527494179666667,765994.0,5.0
2020-01-29,0.496639764333333,0.0458651519583333,0.457495083416667,1224525.0,3.0
2020-01-30,0.448169852583333,0.057513004125,0.494317143291667,1561487.0,0.0
2020-01-31,0.459571178833333,0.0575390764166667,0.482889744708333,1393586.0,11.0
2020-02-01,0.491893559791667,0.0649566749583333,0.44314976525,486900.0,6.0
2020-02-02,0.47106044675,0.061151995875,0.4677875575,509002.0,2.0
2020-02-03,0.431878315625,0.0797334554166667,0.488388229125,495046.0,11.0
2020-02-04,0.444608223791667,0.0693862832083333,0.486005492916667,558397.0,1.0
2020-02-05,0.410815410083333,0.113620221166667,0.475564368583333,507140.0,2.0
2020-02-06,0.458741197041667,0.069134408,0.472124395041667,543363.0,1.0
2020-02-07,0.436663837166667,0.0699517202916667,0.493384442458333,523716.0,4.0
2020-02-08,0.441097401583333,0.0539123385833333,0.504990259833333,521650.0,9.0
2020-02-09,0.468869846666667,0.0686421981666667,0.462487955166667,508788.0,3.0
2020-02-10,0.4372041065,0.0637777337916667,0.499018159625,577652.0,0.0
2020-02-11,0.45048927625,0.0604486255833333,0.489062098083333,588881.0,4.0
2020-02-12,0.484838366666667,0.05502117,0.460140463375,543024.0,1.0
2020-02-13,0.4601804275,0.057110562625,0.482709009875,608078.0,2.0
2020-02-14,0.413073072541667,0.0743664884166667,0.512560439083333,576843.0,1.0
2020-02-15,0.433805115625,0.0746497295416667,0.491545155083333,453694.0,1.0
2020-02-16,0.376583258375,0.0583945690416667,0.565022172541667,486732.0,0.0
2020-02-17,0.419426592041667,0.0692200499583333,0.511353357958333,528292.0,2.0
2020-02-18,0.455163066416667,0.067879631625,0.476957301875,559986.0,0.0
2020-02-19,0.476118520125,0.071565871625,0.452315608208333,505086.0,1.0
2020-02-20,0.433692162458333,0.0881081225833333,0.478199715,518655.0,2.0
2020-02-21,0.467023860125,0.0584721284583333,0.474504011333333,533032.0,21.0
2020-02-22,0.466196830291667,0.0540694900833333,0.479733679833333,434466.0,42.0
2020-02-23,0.490556700333333,0.0411024065416667,0.468340893125,76071.0,98.0
2020-02-24,0.443651411166667,0.0680999714166667,0.488248617416667,418257.0,77.0
2020-02-25,0.467523208208333,0.0516323704583333,0.480844421416667,479743.0,110.0
2020-02-26,0.458746190208333,0.0684701150833333,0.472783694708333,532390.0,163.0
2020-02-27,0.477868235875,0.0567084270833333,0.465423337083333,670246.0,267.0
2020-02-28,0.480092791916667,0.0591271195833333,0.460780088541667,1492093.0,305.0
2020-02-29,0.505401593625,0.06156254575,0.433035860708333,3041485.0,391.0
2020-03-01,0.478823423708333,0.062496505625,0.458680070708333,2250197.0,769.0
2020-03-02,0.452820919791667,0.101772727375,0.445406352875,564022.0,589.0
2020-03-03,0.477321130666667,0.0734088138333333,0.449270055625,2410600.0,718.0
2020-03-04,0.446436137875,0.0710096275833333,0.482554234583333,2604089.0,1044.0
2020-03-05,0.441727162666667,0.0751555667916667,0.483117270625,726492.0,1515.0
2020-03-06,0.463092059125,0.0853856827916667,0.451522258125,767870.0,1848.0
2020-03-07,0.509875615666667,0.075849558375,0.414274825958333,772470.0,2328.0
2020-03-08,0.490156155458333,0.07664934125,0.433194503333333,745449.0,2659.0
2020-03-09,0.472684513875,0.0728393120833333,0.454476174,753788.0,3245.0
2020-03-10,0.470203164,0.0731288061666667,0.456668029916667,726317.0,3580.0
2020-03-11,0.4482168885,0.075966010125,0.47581710125,727768.0,5874.0
2020-03-12,0.438690286875,0.0773377584583333,0.483971954666667,734380.0,4396.0
2020-03-13,0.455552031375,0.0763451344583333,0.468102833916667,682949.0,12269.0
2020-03-14,0.455523477708333,0.0855205939166667,0.458955928333333,681795.0,8984.0
2020-03-15,0.433869519458333,0.096777947,0.469352533625,644807.0,9151.0
2020-03-16,0.405730576583333,0.099092830125,0.49517659325,626236.0,12678.0
2020-03-17,0.403662375458333,0.083840611875,0.512497012583333,1433219.0,13541.0
2020-03-18,0.435243081375,0.0928535850416667,0.471903333625,927826.0,16925.0
2020-03-19,0.46125084475,0.090250142625,0.448499012541667,1636424.0,24181.0
2020-03-20,0.442166859083333,0.08766921375,0.470163927208333,1662313.0,27226.0
2020-03-21,0.438951927458333,0.0980869031666667,0.4629611695,1497630.0,28352.0
2020-03-22,0.447978155708333,0.094453017625,0.45756882675,1698931.0,29973.0
2020-03-23,0.453637609333333,0.0881251875,0.458237203166667,1748502.0,38257.0
2020-03-24,0.416173653333333,0.108784398708333,0.475041948166667,551881.0,35769.0
2020-03-25,0.393821224291667,0.115904781375,0.49027399425,726550.0,43963.0
2020-03-26,0.432476183583333,0.0921666420416667,0.475357174583333,1781610.0,54936.0
2020-03-27,0.408708759916667,0.110102502916667,0.481188737166667,1548020.0,55645.0
2020-03-28,0.420494617416667,0.104729089833333,0.474776292833333,1732813.0,60214.0
2020-03-29,0.442803330458333,0.0956617654166667,0.46153490425,1737547.0,47664.0
2020-03-30,0.440430015375,0.0975571085,0.46201287625,1230536.0,56198.0
2020-03-31,0.418264288541667,0.115546949041667,0.466188762541667,604064.0,64774.0
2020-04-01,0.445364899875,0.092663980125,0.461971119916667,1177405.0,70972.0
2020-04-02,0.460280369125,0.0792274733333333,0.460492157541667,1680639.0,70464.0
2020-04-03,0.4363332365,0.0911248379583333,0.472541925625,1614137.0,72398.0
2020-04-04,0.458034969166667,0.0983291199166667,0.443635910958333,1722088.0,46569.0
2020-04-05,0.452513216416667,0.101716967416667,0.445769816125,1729939.0,57504.0
2020-04-06,0.447993783333333,0.0938831754583333,0.458123041083333,1768002.0,60985.0
2020-04-07,0.421779419958333,0.093189307875,0.485031272291667,1826124.0,56199.0
2020-04-08,0.433000437916667,0.101045548125,0.465954013916667,1287613.0,67381.0
2020-04-09,0.419677632083333,0.104509625083333,0.475812743083333,1157234.0,72091.0
2020-04-10,0.453490387958333,0.0945082765,0.452001335583333,1788110.0,68022.0
2020-04-11,0.483416063541667,0.0927253235416667,0.423858612916667,1686239.0,58602.0
2020-04-12,0.48812969275,0.0968683244583333,0.415001982916667,1625395.0,104130.0
2020-04-13,0.453417705791667,0.0856618905,0.460920403625,1692644.0,54546.0
2020-04-14,0.445513835583333,0.0848982175833333,0.469587946875,1744273.0,68260.0
2020-04-15,0.47287897325,0.0783466887083333,0.448774338,1777949.0,60528.0
2020-04-16,0.444776877833333,0.0894139705416667,0.465809151333333,1776689.0,77472.0
2020-04-17,0.447854726958333,0.0816758287916667,0.470469444125,1712131.0,68699.0
2020-04-18,0.409684148833333,0.100687366583333,0.489628484541667,1465437.0,58003.0
2020-04-19,0.469221789708333,0.0861597224166667,0.444618487791667,1797247.0,59013.0
2020-04-20,0.459401394916667,0.0789522642916667,0.461646340791667,1794572.0,56026.0
2020-04-21,0.412373771458333,0.123927775958333,0.463698452583333,526221.0,56429.0
2020-04-22,0.449854841416667,0.0887759405833333,0.461369218,1751670.0,62894.0
2020-04-23,0.427106200958333,0.0879400186666667,0.48495378025,1860108.0,61830.0
2020-04-24,0.403251102333333,0.0980247119583333,0.498724185625,2090918.0,51846.0
2020-04-25,0.453288949,0.0772874177916667,0.46942363325,2373570.0,58858.0
2020-04-26,0.478205728166667,0.0741203199166667,0.447673951875,2354489.0,51436.0
2020-04-27,0.444920272625,0.0813533125416667,0.473726414708333,2414821.0,50931.0
2020-04-28,0.44745009525,0.0829124662916667,0.469637438416667,1787213.0,51827.0
2020-04-29,0.432531911875,0.100328529375,0.467139558958333,1376138.0,51384.0
2020-04-30,0.432611110333333,0.096365680125,0.471023209625,1922229.0,56052.0
2020-05-01,0.407953759791667,0.0934933985833333,0.498552841416667,1870685.0,61888.0
2020-05-02,0.442198287916667,0.088548252875,0.469253459375,1900479.0,53901.0
2020-05-03,0.449528294708333,0.08378627325,0.466685432125,1985779.0,48782.0
2020-05-04,0.460015531083333,0.078364400125,0.461620068875,2117570.0,48405.0
2020-05-05,0.442629632416667,0.0980675167916667,0.459302850833333,1172106.0,50164.0
2020-05-06,0.467136606708333,0.0873561729583333,0.4455072205,2232762.0,55390.0
2020-05-07,0.473127182833333,0.0821430837916667,0.444729733333333,2559004.0,57005.0
2020-05-08,0.4589040025,0.0879826695416667,0.453113327833333,2318810.0,54674.0
2020-05-09,0.432550527333333,0.088696633625,0.478752839,2219505.0,49175.0
2020-05-10,0.434676855833333,0.08326802125,0.482055123,2286566.0,42572.0
2020-05-11,0.433236757083333,0.0855239730833333,0.481239269708333,2648858.0,46068.0
2020-05-12,0.446893912375,0.0801909725416667,0.472915115166667,2530650.0,48711.0
2020-05-13,0.456730765291667,0.0758558464583333,0.46741338825,2689605.0,45002.0
2020-05-14,0.453442708916667,0.07993874875,0.466618542208333,2584430.0,50872.0
2020-05-15,0.45422524775,0.0793736073333333,0.466401144833333,2540378.0,49818.0
2020-05-16,0.461008309125,0.0863341317083333,0.452657559166667,2312087.0,46091.0
2020-05-17,0.47902785,0.0772163684583333,0.443755781458333,2328239.0,39032.0
2020-05-18,0.4494231185,0.0752694985416667,0.475307383,2494428.0,43472.0
2020-05-19,0.458291531375,0.078311735125,0.463396733666667,2429494.0,44998.0
2020-05-20,0.468351731875,0.0824139395,0.449234328583333,2400226.0,45015.0
2020-05-21,0.457530822666667,0.0776637133333333,0.464805463958333,2370996.0,48462.0
2020-05-22,0.440515959041667,0.08615964925,0.473324391916667,2182637.0,47756.0
2020-05-23,0.461798664833333,0.0824213140833333,0.455780021083333,2119523.0,43199.0
2020-05-24,0.504551906125,0.0838535665416667,0.411594527208333,2132639.0,40239.0
2020-05-25,0.476049787833333,0.087576927625,0.4363732845,2068704.0,37654.0
2020-05-26,0.461836020416667,0.0989801770416667,0.439183802666667,2043111.0,40602.0
2020-05-27,0.494681304208333,0.0757167474166667,0.429601948291667,1981593.0,40283.0
2020-05-28,0.521981087458333,0.0763046897916667,0.401714222708333,2147959.0,47593.0
2020-05-29,0.56000330525,0.065531948375,0.37446474625,2211589.0,46818.0
2020-05-30,0.604350333458333,0.0626360995416667,0.333013567083333,2090574.0,45968.0
2020-05-31,0.609792012791667,0.0578003235416667,0.332407663833333,2163866.0,39443.0
2020-06-01,0.568677319166667,0.0604276355,0.37089504525,1987699.0,36746.0
2020-06-02,0.512816051791667,0.0619981783333333,0.425185769791667,1939266.0,41473.0
2020-06-03,0.546613716166667,0.0723014054583333,0.381084878375,1925941.0,37472.0
2020-06-04,0.550742332583333,0.06754939725,0.381708270125,1908655.0,48250.0
2020-06-05,0.534414477625,0.0779504899583333,0.387635032583333,1456913.0,48003.0
2020-06-06,0.489688474916667,0.0886944537916667,0.42161707125,2646012.0,43073.0
2020-06-07,0.533472080375,0.08207503775,0.384452881791667,2601142.0,39012.0
2020-06-08,0.464081470958333,0.096623458375,0.439295070625,2545391.0,36908.0
2020-06-09,0.446635546,0.095016497625,0.458347956208333,2711373.0,40384.0
2020-06-10,0.458818649458333,0.0991699986666667,0.442011351875,2924592.0,44183.0
2020-06-11,0.437524664,0.095861438375,0.466613897666667,3016321.0,46090.0
2020-06-12,0.454616811375,0.0989639361666667,0.446419252291667,2997386.0,50457.0
2020-06-13,0.485367694875,0.098640089625,0.415992215375,2889346.0,47180.0
2020-06-14,0.517297250416667,0.098002595,0.384700154375,2791769.0,41350.0
2020-06-15,0.502106035916667,0.0850560569166667,0.412837907166667,3223196.0,37802.0
2020-06-16,0.459014933708333,0.0813698202083333,0.459615246125,3133068.0,47242.0
2020-06-17,0.462769984833333,0.0807006936666667,0.456529321333333,3118353.0,51334.0
2020-06-18,0.434301126916667,0.105600349083333,0.460098524125,3026566.0,54083.0
2020-06-19,0.393748356833333,0.100667281166667,0.505584361916667,3089626.0,55865.0
2020-06-20,0.420790657708333,0.0953817729166667,0.483827569416667,2965868.0,55773.0
2020-06-21,0.504070911,0.0907736825833333,0.405155406458333,2881607.0,47997.0
2020-06-22,0.468152241541667,0.0939224473333333,0.437925311041667,3090290.0,52431.0
2020-06-23,0.463926800708333,0.0856263412083333,0.450446858125,3395812.0,62205.0
2020-06-24,0.440636743416667,0.0786292815,0.480733975125,3398808.0,59818.0
2020-06-25,0.480539629166667,0.0816364656666667,0.437823905125,3563404.0,65197.0
2020-06-26,0.490574673166667,0.0847479949583333,0.424677331791667,3780387.0,70302.0
2020-06-27,0.473899912375,0.0892907390833333,0.436809348625,3436988.0,64051.0
2020-06-28,0.479261848083333,0.0848915344583333,0.435846617625,3401094.0,61965.0
2020-06-29,0.47332379825,0.0798986400416667,0.4467775615,3459642.0,59924.0
2020-06-30,0.489567009666667,0.077565019625,0.432867970833333,3752318.0,70726.0
2020-07-01,0.478112249291667,0.102173609125,0.419714141541667,3752756.0,74681.0
2020-07-02,0.471158560708333,0.0891195887916667,0.4397218505,3604468.0,81072.0
2020-07-03,0.46199718075,0.104124656083333,0.433878163083333,3632632.0,78194.0
2020-07-04,0.472370742833333,0.116710014666667,0.410919242666667,3457444.0,73555.0
2020-07-05,0.484968791041667,0.0927365360416667,0.422294672958333,3391135.0,72065.0
2020-07-06,0.484595229916667,0.07720735475,0.438197415208333,3717420.0,65639.0
2020-07-07,0.460727715,0.0742808172083333,0.464991467791667,3521245.0,81100.0
2020-07-08,0.45233808475,0.0799282774583333,0.467733637833333,3623045.0,85140.0
2020-07-09,0.450746999666667,0.0820929608333333,0.467160039375,3451020.0,86910.0
2020-07-10,0.495094759083333,0.0873327140416667,0.417572526875,3264219.0,94105.0
2020-07-11,0.463031955375,0.100834066583333,0.436133978166667,3115728.0,85918.0
2020-07-12,0.45188260275,0.112593167708333,0.435524229416667,2845199.0,81767.0
2020-07-13,0.458565732166667,0.098030670875,0.443403596916667,3991117.0,81667.0
2020-07-14,0.468496832083333,0.0773976976666667,0.45410547025,3720894.0,91190.0
2020-07-15,0.499907867083333,0.0735343757916667,0.42655775725,3983476.0,94408.0
2020-07-16,0.510158922166667,0.063628116,0.426212961833333,3871505.0,103061.0
2020-07-17,0.500872709208333,0.0689388641666667,0.430188426541667,3836609.0,101097.0
2020-07-18,0.467100915541667,0.0889493645,0.443949719916667,3455729.0,93609.0
2020-07-19,0.481884702458333,0.0938591754583333,0.424256122166667,3482982.0,83963.0
2020-07-20,0.4724728095,0.090029904375,0.437497286,3239876.0,88241.0
2020-07-21,0.459969036541667,0.0934277214583333,0.446603241958333,3388553.0,91795.0
2020-07-22,0.43619803075,0.0971468807916667,0.466655088541667,3384286.0,97401.0
2020-07-23,0.456195621375,0.0969642160416667,0.446840162458333,3255105.0,100526.0
2020-07-24,0.45488593875,0.0935440185,0.451570042625,3120304.0,105477.0
2020-07-25,0.448567701,0.0820917135833333,0.469340585458333,3139700.0,93992.0
2020-07-26,0.476398020583333,0.082567353625,0.44103462575,2970225.0,80971.0
2020-07-27,0.441167151375,0.0933545408333333,0.465478307791667,3305613.0,87651.0
2020-07-28,0.459894231708333,0.0756823032083333,0.464423465125,3696203.0,91004.0
2020-07-29,0.42834850725,0.091863166625,0.479788326041667,3577776.0,98115.0
2020-07-30,0.472335720166667,0.084076432375,0.4435878475,3577536.0,101272.0
2020-07-31,0.44906103325,0.0896085614583333,0.461330405333333,3453652.0,102614.0
2020-08-01,0.448543468083333,0.100737583166667,0.450718948541667,3037376.0,88959.0
2020-08-02,0.456430721333333,0.0851328605,0.458436418125,3245526.0,67960.0
2020-08-03,0.463708516625,0.0883595443333333,0.447931939,3092431.0,78916.0
2020-08-04,0.479214271666667,0.0838689005833333,0.436916827708333,3356327.0,87011.0
2020-08-05,0.452782998916667,0.0877060406666667,0.459510960416667,2886792.0,87997.0
2020-08-06,0.478593759869565,0.0784576375217391,0.442948602695652,3088011.0,90861.0
2020-08-07,0.458677094708333,0.0872646364166667,0.454058268791667,3097548.0,97486.0
2020-08-08,0.48933091073913,0.10093444826087,0.409734641043478,2767359.0,82122.0
2020-08-09,0.496265093913043,0.082859384173913,0.420875522,3076339.0,70251.0
2020-08-10,0.464590253625,0.098497921375,0.436911824916667,3432858.0,82722.0
2020-08-11,0.445399841541667,0.0973131589166667,0.457286999541667,3302918.0,83894.0
2020-08-12,0.454692298333333,0.0968195278333333,0.448488173791667,2705421.0,86890.0
2020-08-13,0.446244433583333,0.0910716,0.4626839665,2970376.0,92114.0
2020-08-14,0.446601426869565,0.0846508937391304,0.468747679434783,2931774.0,103334.0
2020-08-15,0.44577149875,0.118769548208333,0.435458952958333,2702718.0,81181.0
2020-08-16,0.479616246125,0.0896285924166667,0.430755161541667,2601192.0,65861.0
2020-08-17,0.445893559125,0.088908408,0.465198032875,2760163.0,73098.0
2020-08-18,0.4542932395,0.1055819175,0.440124842958333,2948124.0,75687.0
2020-08-19,0.44501860575,0.115036592,0.43994480225,2862812.0,83480.0
2020-08-20,0.461820298583333,0.0960945277916667,0.442085173541667,2932767.0,85827.0
2020-08-21,0.454922179416667,0.0869953016666667,0.458082518958333,3201235.0,92136.0
2020-08-22,0.472039120333333,0.0870444805416667,0.440916398916667,3016708.0,77185.0
2020-08-23,0.483073563541667,0.0834478407916667,0.4334785955,3376384.0,63018.0
2020-08-24,0.461100709458333,0.0910191010416667,0.447880189416667,3216141.0,79522.0
2020-08-25,0.453838542958333,0.095795981875,0.450365475208333,3294857.0,77641.0
2020-08-26,0.465124479791667,0.0720677680416667,0.462807752083333,3279885.0,79999.0
2020-08-27,0.472845818708333,0.0772069635416667,0.449947217416667,3210715.0,97558.0
2020-08-28,0.482183885833333,0.08068197275,0.437134141458333,3308780.0,93126.0
2020-08-29,0.475577925833333,0.097795986,0.426626088041667,2657546.0,78686.0
2020-08-30,0.47908862125,0.100062163333333,0.4208492155,2859400.0,63696.0
2020-08-31,0.491950609416667,0.080746901375,0.427302489208333,3040228.0,84706.0
2020-09-01,0.494508886541667,0.0988479899166667,0.4066431235,3025723.0,83501.0
2020-09-02,0.480253371833333,0.0908719382083333,0.428874690125,3065467.0,86117.0
2020-09-03,0.48586475175,0.100633496,0.4135017525,3173588.0,92748.0
2020-09-04,0.457946156791667,0.101073012708333,0.440980830416667,2791404.0,102517.0
2020-09-05,0.457158032583333,0.10871223275,0.434129734625,2455542.0,85515.0
2020-09-06,0.432764863625,0.107531248416667,0.459703887958333,2375959.0,64644.0
2020-09-07,0.463015119666667,0.101314808,0.435670072291667,2710173.0,82282.0
2020-09-08,0.47290056075,0.0936441823333333,0.433455256916667,2857817.0,73864.0
2020-09-09,0.508375383541667,0.0756419544166667,0.415982662,3569480.0,85223.0
2020-09-10,0.535165366,0.0676639150833333,0.397170719,3935623.0,91541.0
2020-09-11,0.491047965625,0.0780519711666667,0.430900062916667,3181232.0,107732.0
2020-09-12,0.463315217541667,0.0870923662083333,0.449592416291667,2780689.0,91160.0
2020-09-13,0.488315709208333,0.0802368177916667,0.431447472958333,2788642.0,71415.0
2020-09-14,0.45969621725,0.0969543867083333,0.443349396041667,2872760.0,98001.0
2020-09-15,0.4446445295,0.090780813625,0.464574657083333,3096863.0,92082.0
2020-09-16,0.423325634375,0.094145717125,0.482528648375,3165922.0,99742.0
2020-09-17,0.465337660333333,0.0877135715833333,0.446948768041667,3557713.0,108836.0
2020-09-18,0.455116144041667,0.0879328919166667,0.456950963958333,3368083.0,121068.0
2020-09-19,0.466848408,0.103426094791667,0.429725497166667,2192703.0,97940.0
2020-09-20,0.475503484333333,0.0950810896666667,0.429415426,2466844.0,84911.0
2020-09-21,0.443835293958333,0.101378308458333,0.4547863975,2997856.0,125427.0
2020-09-22,0.45638525,0.10732022425,0.436294525625,3506744.0,103583.0
2020-09-23,0.447544895583333,0.0955310219583333,0.456924082458333,2683377.0,110326.0
2020-09-24,0.440373350958333,0.106271037708333,0.4533556115,3020614.0,123804.0
2020-09-25,0.438111884541667,0.109822888291667,0.45206522725,2795611.0,130341.0
2020-09-26,0.476543896125,0.0991459662083333,0.424310137625,2634056.0,107779.0
2020-09-27,0.457351055208333,0.113002922583333,0.429646022375,2224403.0,89930.0
2020-09-28,0.44655789775,0.105557794791667,0.447884307541667,2392286.0,110766.0
2020-09-29,0.449389352041667,0.0999533425,0.450657305458333,2696363.0,101838.0
2020-09-30,0.473940231875,0.111816374041667,0.414243393958333,2710081.0,130122.0
2020-10-01,0.434134317833333,0.099341704,0.46652397825,2571863.0,127400.0
2020-10-02,0.400218568791667,0.135671698041667,0.464109733333333,5210833.0,142766.0
2020-10-03,0.436612039291667,0.096531940125,0.466856020375,5164395.0,132405.0
2020-10-04,0.481496225375,0.085063050125,0.433440724458333,4469217.0,116644.0
2020-10-05,0.520366364458333,0.0870346044166667,0.392599030958333,4731769.0,156763.0
2020-10-06,0.516381596708333,0.074996839,0.408621564333333,4867884.0,140473.0
2020-10-07,0.467803079375,0.0842723960416667,0.447924524583333,4164909.0,160550.0
2020-10-08,0.4455215655,0.092315848125,0.46216258625,3965912.0,182435.0
2020-10-09,0.441896599208333,0.0882416249166667,0.46986177575,3643927.0,187034.0
2020-10-10,0.481194637166667,0.08475410625,0.43405125675,3617131.0,176434.0
2020-10-11,0.493352942,0.0779235903333333,0.428723467708333,3318281.0,142040.0
2020-10-12,0.45961727925,0.082237121875,0.458145598875,3272328.0,163968.0
2020-10-13,0.461439177208333,0.0892539127916667,0.449306910041667,3496233.0,175166.0
2020-10-14,0.464197839541667,0.0910586767916667,0.444743483583333,3051057.0,213321.0
2020-10-15,0.450002624666667,0.0944923593333333,0.455505015916667,2980837.0,234331.0
2020-10-16,0.47832277775,0.084627988125,0.437049234291667,3023753.0,239901.0
2020-10-17,0.467710979791667,0.094516374125,0.437772646083333,2688596.0,212755.0
2020-10-18,0.442906897,0.103534564041667,0.453558538875,2792584.0,192513.0
2020-10-19,0.415090568791667,0.0975305932083333,0.487378838166667,3031407.0,242066.0
2020-10-20,0.456466690458333,0.093072704375,0.450460605083333,3173175.0,234563.0
2020-10-21,0.484176323666667,0.0936022729583333,0.4222214035,2882413.0,277301.0
2020-10-22,0.481981845708333,0.09856183575,0.419456318541667,2904835.0,305068.0
2020-10-23,0.471918523791667,0.0970014876666667,0.431079988583333,2948834.0,329736.0
2020-10-24,0.464235777666667,0.090224394625,0.445539827666667,2713530.0,301905.0
2020-10-25,0.464118616083333,0.0915791190416667,0.444302265,3030148.0,225773.0
2020-10-26,0.475371475791667,0.086913477,0.437715047166667,2843937.0,361400.0
2020-10-27,0.493100834333333,0.08814687475,0.418752291,2809860.0,320120.0
2020-10-28,0.477990308166667,0.0958705946666667,0.426139097375,2775663.0,348804.0
2020-10-29,0.449472731958333,0.111717075708333,0.4388101925,2809419.0,389083.0
2020-10-30,0.480469860083333,0.098797187125,0.42073295275,3049394.0,414648.0
2020-10-31,0.46478554389443,0.1074717594071,0.42774269669847,2234518.0,334140.0
2020-11-01,0.47838444975,0.111287417291667,0.410328132958333,2920330.0,334576.0
2020-11-02,0.460341693583333,0.111151497416667,0.428506809083333,2976225.0,438645.0
2020-11-03,0.449531800125,0.109143412416667,0.441324787333333,2609742.0,419053.0
2020-11-04,0.469302264375,0.110581285791667,0.420116449708333,2195551.0,390202.0
2020-11-05,0.450970178416667,0.109871458166667,0.439158363416667,2552381.0,457886.0
2020-11-06,0.442924291166667,0.119401295791667,0.437674413,2390481.0,464783.0
2020-11-07,0.428237062833333,0.130243276416667,0.441519660875,2704408.0,447581.0
2020-11-08,0.45537495075,0.122061493708333,0.422563555583333,2283630.0,347651.0
2020-11-09,0.37721343725,0.132060204708333,0.490726358083333,2961434.0,374764.0
2020-11-10,0.403829803875,0.123516760125,0.472653436,2706203.0,405522.0
2020-11-11,0.42328583325,0.109403794291667,0.467310372416667,2598839.0,461943.0
2020-11-12,0.434187122291667,0.10561005675,0.460202820875,3043908.0,471303.0
2020-11-13,0.474588660666667,0.104321201625,0.421090137666667,3614946.0,482724.0
2020-11-14,0.428556457041667,0.117795619458333,0.4536479235,2949811.0,429126.0
2020-11-15,0.46963510125,0.115701335166667,0.414663563666667,2896126.0,348685.0
2020-11-16,0.441764076458333,0.113030524625,0.445205399083333,3102079.0,406387.0
2020-11-17,0.444280674458333,0.11510524325,0.440614082083333,3081755.0,448535.0
2020-11-18,0.455193554416667,0.116296611041667,0.4285098345,3115060.0,448836.0
2020-11-19,0.461621593,0.108850426541667,0.429527980583333,3412857.0,475870.0
2020-11-20,0.418483911833333,0.128142130333333,0.453373957791667,3367132.0,484933.0
2020-11-21,0.418081724208333,0.123522450083333,0.458395825583333,3273506.0,418838.0
2020-11-22,0.456816229125,0.107169080333333,0.436014690458333,3090330.0,336290.0
2020-11-23,0.444136413625,0.105552121791667,0.450311464708333,3160171.0,383936.0
2020-11-24,0.436209849041667,0.108430930125,0.455359220791667,2952393.0,423420.0
2020-11-25,0.459754117416667,0.113111344291667,0.427134538125,2955532.0,444084.0
2020-11-26,0.435541964875,0.149022693083333,0.415435341916667,2919695.0,376766.0
2020-11-27,0.4475226955,0.138407679541667,0.414069624875,2423061.0,459982.0
2020-11-28,0.443599729666667,0.111727474416667,0.444672795916667,2321112.0,373598.0
2020-11-29,0.46823098625,0.106591156333333,0.425177857416667,2490952.0,306403.0
2020-11-30,0.463641805041667,0.116801609416667,0.419556585583333,2744480.0,339374.0
2020-12-01,0.462139885375,0.110620012166667,0.427240102375,5709270.0,414333.0
2020-12-02,0.423608086833333,0.134797833416667,0.441594079666667,4939200.0,440411.0
2020-12-03,0.440424976625,0.116560364875,0.443014658458333,1597063.0,474167.0
2020-12-04,0.455010185541667,0.105119161208333,0.439870653291667,5846324.0,475851.0
2020-12-05,0.47624599825,0.101688632041667,0.422065369666667,2675036.0,445427.0
2020-12-06,0.47080425725,0.11603114925,0.413164593583333,2715130.0,360138.0
2020-12-07,0.408684988166667,0.121212439458333,0.4701025725,3228215.0,361921.0
2020-12-08,0.432126899375,0.115907303791667,0.451965796791667,3302249.0,454607.0
2020-12-09,0.461270131833333,0.103909401416667,0.434820466708333,3099363.0,461740.0
2020-12-10,0.466188536708333,0.103389398708333,0.430422064375,2884859.0,500305.0
2020-12-11,0.442554021708333,0.111554959958333,0.445891018375,2534334.0,500047.0
2020-12-12,0.418320250083333,0.143923701541667,0.437756048458333,2395350.0,449945.0
2020-12-13,0.429869234875,0.125498666166667,0.444632098875,2499810.0,375838.0
2020-12-14,0.428150464166667,0.113844918583333,0.458004617625,2848664.0,379212.0
2020-12-15,0.420348084208333,0.117325718916667,0.462326196958333,2843453.0,461735.0
2020-12-16,0.43693738925,0.107596328625,0.455466282166667,3021656.0,510044.0
2020-12-17,0.443885243916667,0.0943845052916667,0.461730250625,3223616.0,521192.0
2020-12-18,0.457019678083333,0.0950068924583333,0.447973429541667,3165402.0,523055.0
2020-12-19,0.48183753175,0.0918053612916667,0.426357106916667,3167023.0,431834.0
2020-12-20,0.478498248458333,0.0876337276666667,0.433868023958333,3052758.0,374958.0
2020-12-21,0.463166623333333,0.0770212592083333,0.4598121175,3431090.0,395894.0
2020-12-22,0.481766418416667,0.0798342552083333,0.438399326125,3475211.0,471345.0
2020-12-23,0.451575304333333,0.105145097833333,0.443279597833333,3026264.0,503912.0
2020-12-24,0.428808681458333,0.126183663833333,0.44500765475,2393979.0,485671.0
2020-12-25,0.409414490958333,0.163496350625,0.427089158375,1710651.0,310058.0
2020-12-26,0.470645342,0.111037628708333,0.418317029458333,1919495.0,372860.0
2020-12-27,0.499446516708333,0.106067899041667,0.394485584208333,2371028.0,306301.0
2020-12-28,0.462363339375,0.0979859237916667,0.439650736875,2798652.0,358661.0
2020-12-29,0.461288291708333,0.0907510479166667,0.44796066025,2967152.0,482152.0
2020-12-30,0.456583036291667,0.0882018157083333,0.455215147916667,3423634.0,538353.0
2020-12-31,0.445356551333333,0.122973399875,0.431670048625,3159609.0,566236.0
2021-01-01,0.431502596282455,0.143026896715469,0.425470507002076,2697251.0,415965.0
2021-01-02,0.498225577620512,0.103784523340372,0.397989899039116,2679173.0,472488.0
2021-01-03,0.470903500136095,0.109412094520946,0.419684405342959,2846257.0,391594.0
2021-01-04,0.436968622862913,0.0915459239590571,0.471485453178029,3123327.0,410744.0
2021-01-05,0.431024488879933,0.0916284301396545,0.477347080980413,3229205.0,539978.0
2021-01-06,0.432859006198959,0.103355390167037,0.463785603634004,3202942.0,564028.0
2021-01-07,0.45373003955128,0.101068919315721,0.445201041132999,2506342.0,641147.0
2021-01-08,0.446130790153958,0.101383352730391,0.452485857115651,2567027.0,615806.0
2021-01-09,0.448456388565024,0.107304415013582,0.444239196421395,2099154.0,524020.0
2021-01-10,0.454318606152963,0.0998239650868314,0.445857428760206,2178783.0,420915.0
2021-01-11,0.447514133504554,0.10927870996824,0.443207156527205,2525503.0,447808.0
2021-01-12,0.426756359132698,0.105846301336848,0.467397339530454,2808585.0,490483.0
2021-01-13,0.45226012834922,0.0917744517534871,0.455965419897293,2776439.0,528009.0
2021-01-14,0.420938944936304,0.104043742417508,0.475017312646188,2530532.0,529715.0
2021-01-15,0.435645032004276,0.102635253112252,0.461719714883472,2415031.0,530228.0
2021-01-16,0.447998817170923,0.118149298579248,0.433851884249829,2905775.0,430859.0
2021-01-17,0.456866751826036,0.117824222537565,0.425309025636399,2484169.0,356630.0
2021-01-18,0.437267315865823,0.115536551439001,0.447196132695177,2559493.0,373076.0
2021-01-19,0.432740856588126,0.110658535501806,0.456600607910069,2689655.0,402484.0
2021-01-20,0.407018568181741,0.142214677853427,0.450766753964832,2598181.0,469914.0
2021-01-21,0.409658497865552,0.108937517539368,0.48140398459508,2852916.0,455762.0
2021-01-22,0.417531891912251,0.111666186771226,0.470801921316523,2837433.0,456418.0
2021-01-23,0.408010430569017,0.113680214856764,0.478309354574219,2717360.0,378818.0
2021-01-24,0.399956163467698,0.0850540200072233,0.514989816525079,2771926.0,304316.0
2021-01-25,0.416584119982722,0.0871198822636226,0.496295997753655,2749547.0,360430.0
2021-01-26,0.421426078743452,0.113771660694727,0.464802260561821,2816165.0,354774.0
2021-01-27,0.442082924293768,0.0998006915474178,0.458116384158814,2858544.0,403395.0
2021-01-28,0.411183435790325,0.122230225000605,0.466586339209069,2543703.0,409280.0
2021-01-29,0.403153428933487,0.139600100009279,0.457246471057233,2527596.0,400236.0
2021-01-30,0.43091400459259,0.100559756596622,0.468526238810788,2454388.0,330092.0
2021-01-31,0.45244631605549,0.0893121832245229,0.458241500719988,2510524.0,251750.0
2021-02-01,0.407433912913912,0.104828768434303,0.487737318651785,2560072.0,317670.0
2021-02-02,0.399338456137459,0.107952626601876,0.492708917260666,2624902.0,290355.0
2021-02-03,0.42309890248968,0.110177008970433,0.466724088539887,2756721.0,335799.0
2021-02-04,0.393493319008257,0.12302205863476,0.483484622356984,2469847.0,296250.0
2021-02-05,0.38210821469563,0.122292144050102,0.495599641254269,2363952.0,368313.0
2021-02-06,0.400262150728888,0.112245576984644,0.487492272286468,1145657.0,266795.0
2021-02-07,0.438377740004931,0.0944244520469084,0.467197807948161,2187296.0,219636.0
2021-02-08,0.429373518291116,0.104882056499958,0.465744425208926,2521238.0,226834.0
2021-02-09,0.403749519645779,0.109483817354384,0.486766662999837,2389590.0,245760.0
2021-02-10,,,,,274842.0
2021-02-11,0.433511658842194,0.120235079253976,0.44625326190383,2223319.0,283826.0
2021-02-12,0.442441432638982,0.121942477336321,0.435616090024697,2476874.0,269221.0
2021-02-13,0.443337674415995,0.108209460931649,0.448452864652357,1991822.0,231607.0
2021-02-14,0.426449601259851,0.131835360524776,0.441715038215373,1749477.0,174711.0
2021-02-15,0.445016845119477,0.103021695606092,0.451961459274431,2223929.0,168905.0
2021-02-16,0.431251526546576,0.0995494067954488,0.469199066657975,2298297.0,202904.0
2021-02-17,0.458401689082605,0.0998132258174538,0.441785085099941,2449344.0,236876.0
2021-02-18,0.442713133425401,0.100862757988139,0.45642410858646,2293751.0,246408.0
2021-02-19,0.41141036424116,0.104487004375966,0.484102631382874,2283527.0,251892.0
2021-02-20,0.439952662990851,0.105913677348188,0.45413365966096,1802444.0,220759.0
2021-02-21,0.443717648816468,0.102778712161922,0.453503639021609,1959375.0,185114.0
2021-02-22,0.429340511745108,0.100155932446953,0.470503555807939,2395582.0,170924.0
2021-02-23,0.446821375691266,0.110706973895792,0.442471650412943,2594596.0,226387.0
2021-02-24,0.417785767455136,0.104183680753806,0.478030551791057,2454136.0,266333.0
2021-02-25,0.355469291537729,0.065957024983227,0.578573683479044,376358.0,266837.0
2021-02-26,0.39301539437629,0.0915303000912495,0.51545430553246,1347467.0,261783.0
2021-02-27,0.439477539867135,0.0731143639984769,0.487408096134389,1076652.0,229082.0
2021-02-28,0.443085422517071,0.121449501996611,0.435465075486317,1936506.0,183366.0
2021-03-01,0.344403662432551,0.103665768468682,0.551930569098767,1877547.0,168820.0
2021-03-02,0.406527411420454,0.107519655280592,0.485952933298955,2437755.0,143979.0
2021-03-03,0.445229526223798,0.0901932703902651,0.464577203385937,2755349.0,260065.0
2021-03-04,0.421146453883797,0.103836108475429,0.475017437640774,2488006.0,261113.0
2021-03-05,0.392776680646568,0.11805939404913,0.489163925304302,2650071.0,257978.0
2021-03-06,0.406855707764486,0.114493404466509,0.478650887769005,2219184.0,230786.0
2021-03-07,0.410544601264538,0.107295576757677,0.482159821977784,2122225.0,183498.0
2021-03-08,0.420747826592964,0.132650110426869,0.446602062980167,2064948.0,157329.0
2021-03-09,0.405461249622934,0.127164747975121,0.467374002401945,2170633.0,225504.0
2021-03-10,0.378849589688997,0.117266140077967,0.503884270233036,2395406.0,268467.0
2021-03-11,0.383586723287465,0.13226530948906,0.484147967223476,2582193.0,264768.0
2021-03-12,0.391693395843431,0.132484068703591,0.475822535452978,2646839.0,271309.0
2021-03-13,0.440982339887768,0.129341952976005,0.429675707136227,1761666.0,251893.0
2021-03-14,0.45598202778827,0.105447637946888,0.438570334264841,1725811.0,197615.0
2021-03-15,0.431447706401133,0.122916993894154,0.445635299704713,1905851.0,187253.0
2021-03-16,0.422369616438563,0.105341441466502,0.472288942094936,1933216.0,244413.0
2021-03-17,0.498545063232687,0.097522748902358,0.403932187864955,1954979.0,293518.0
2021-03-18,0.455319734913944,0.0960235546516317,0.448656710434425,1994377.0,296676.0
2021-03-19,0.420243613663224,0.120431132293984,0.459325254042793,2046358.0,295701.0
2021-03-20,0.430450343024798,0.132051783271452,0.43749787370375,2103612.0,265811.0
2021-03-21,0.429909239004785,0.116237295822709,0.453853465172506,2134576.0,217029.0
2021-03-22,0.397314798703905,0.114421935296718,0.488263265999377,2223570.0,212440.0
2021-03-23,0.40276937152632,0.117298620740188,0.479932007733493,2295631.0,249824.0
2021-03-24,0.436095527296342,0.104612627728912,0.459291844974745,2092309.0,358925.0
2021-03-25,0.40547525958183,0.101310960864173,0.493213779553997,2083497.0,337351.0
2021-03-26,0.377574973162821,0.105436403338643,0.516988623498535,1929032.0,334069.0
2021-03-27,0.406300553243198,0.112376847742142,0.48132259901466,1712202.0,295408.0
2021-03-28,0.442098103583131,0.11143336896295,0.446468527453919,1679563.0,220603.0
2021-03-29,0.408599156983168,0.110186708423004,0.481214134593827,2217162.0,217751.0
2021-03-30,0.424017515678095,0.0958668399119273,0.480115644409978,2393177.0,281481.0
2021-03-31,0.410548377790203,0.100594961523003,0.488856660686794,2215767.0,342256.0
2021-04-01,0.416842234755889,0.101390200166816,0.481767565077295,2170914.0,347207.0
2021-04-02,0.410491203324686,0.107109469908676,0.482399326766638,2094052.0,299230.0
2021-04-03,0.411169457663847,0.102136412049453,0.4866941302867,1819586.0,230123.0
2021-04-04,0.401839724984045,0.115496256568201,0.482664018447754,1725090.0,245326.0
2021-04-05,0.406743592000343,0.112068714659969,0.481187693339688,2256837.0,193402.0
2021-04-06,0.374845971679499,0.105738443672045,0.519415584648456,2495727.0,216211.0
2021-04-07,0.387903331420102,0.106629204082187,0.505467464497712,2469513.0,255492.0
2021-04-08,0.40258647290986,0.105509384964657,0.491904142125483,2428760.0,382467.0
2021-04-09,0.408311065527636,0.103087373840879,0.488601560631485,2234374.0,282068.0
2021-04-10,0.412205523104358,0.0956294040761506,0.492165072819491,1960353.0,234516.0
2021-04-11,0.447526763749023,0.0893505635782572,0.46312267267272,1894038.0,282344.0
2021-04-12,0.42338731734667,0.0805253401478226,0.496087342505507,1139700.0,209314.0
2021-04-13,0.436728543201019,0.117567560072668,0.445703896726313,1937649.0,293209.0
2021-04-14,0.418035868374007,0.107788385661507,0.474175745964486,1873897.0,307930.0
2021-04-15,0.407094321569813,0.09316623801846,0.499739440411727,1880900.0,296109.0
2021-04-16,0.412725213006723,0.108156011960021,0.479118775033255,2245619.0,295816.0
2021-04-17,0.419365747885206,0.101162347432978,0.479471904681816,2042703.0,228784.0
2021-04-18,0.42240508451519,0.0854869123620895,0.492108003122721,2386023.0,169355.0
2021-04-19,0.401461833566718,0.098937575129289,0.499600591303993,2703915.0,194281.0
2021-04-20,0.409712616009245,0.107846694259249,0.482440689731506,2656320.0,256376.0
2021-04-21,0.399691946449982,0.100244048341342,0.500064005208676,2578001.0,269839.0
2021-04-22,0.418044308832272,0.0935574904105261,0.488398200757202,2774501.0,278628.0
2021-04-23,0.399674692526722,0.095099756144737,0.505225551328541,2821356.0,253891.0
2021-04-24,0.410998695872488,0.0992836552683587,0.489717648859153,2218800.0,205136.0
2021-04-25,0.418852404715282,0.0986047789035923,0.482542816381125,2934696.0,157051.0
2021-04-26,0.405837082061157,0.0991986948136539,0.49496422312519,3057009.0,152263.0
2021-04-27,0.406912070550773,0.0964298760151525,0.496658053434074,3194485.0,217530.0
2021-04-28,0.40255818812974,0.112307458445501,0.485134353424759,2871142.0,236544.0
2021-04-29,0.40377536122627,0.104967238680767,0.491257400092964,2936369.0,238583.0
2021-04-30,0.397871177861138,0.115269896639922,0.48685892549894,2787351.0,211241.0
2021-05-01,0.405878002979459,0.118546631171426,0.475575365849116,2774250.0,175030.0
2021-05-02,0.414299711059746,0.115077518860921,0.470622770079333,2426283.0,109810.0
2021-05-03,0.40479526674403,0.105287659042214,0.489917074213756,2640186.0,145122.0
2021-05-04,0.426329990992895,0.0978890557465919,0.475780953260513,2816655.0,178738.0
2021-05-05,0.385001793419671,0.104921744699552,0.510076461880777,2668677.0,189480.0
2021-05-06,0.383902676776313,0.112867596828638,0.503229726395049,2130334.0,191907.0
2021-05-07,0.389082696756737,0.113928935514264,0.496988367728999,2603495.0,185168.0
2021-05-08,0.393572549145059,0.108075096176562,0.49835235467838,2430501.0,145198.0
2021-05-09,0.40725108726957,0.104582160829454,0.488166751900976,2148567.0,92017.0
2021-05-10,0.386451529123381,0.136714353937807,0.476834116938812,2754104.0,123601.0
2021-05-11,0.405048572811234,0.0856388579368966,0.509312569251869,1276336.0,157931.0
2021-05-12,0.403234460427117,0.122683210117282,0.474082329455601,2666835.0,153844.0
2021-05-13,0.410670034476992,0.110434068782533,0.478895896740475,2862770.0,148676.0
2021-05-14,0.399689946704454,0.107454428852294,0.492855624443252,3348652.0,149778.0
2021-05-15,0.404060822730388,0.105048774729281,0.490890402540331,2859549.0,115056.0
2021-05-16,0.42735718295897,0.102150547054409,0.470492269986621,2496139.0,87859.0
2021-05-17,0.424540174516105,0.110651341577641,0.464808483906254,2733478.0,98561.0
2021-05-18,0.434644608969031,0.0904413952492362,0.474913995781733,2795799.0,119352.0
2021-05-19,0.423727964009225,0.106313172609611,0.469958863381164,2511063.0,135454.0
2021-05-20,0.404656598609997,0.112726041868955,0.482617359521048,2452891.0,114422.0
2021-05-21,0.378468811797203,0.117993747812613,0.503537440390185,2207923.0,117160.0
2021-05-22,0.421950596768387,0.102547186428949,0.475502216802664,1991159.0,90940.0
2021-05-23,0.4099729525491,0.0875795769418184,0.502447470509081,2323189.0,68189.0
2021-05-24,0.405469812825328,0.091331500878272,0.5031986862964,2531788.0,77073.0
2021-05-25,0.40626158822381,0.106111206858012,0.487627204918178,2440867.0,88740.0
2021-05-26,0.433933073590881,0.0940941760753167,0.471972750333802,2540487.0,100243.0
2021-05-27,0.414651442821082,0.0919857156711083,0.49336284150781,2509153.0,110074.0
2021-05-28,0.405296358707031,0.094037633687876,0.500666007605093,2238665.0,99011.0
2021-05-29,0.413885613202467,0.112237397858319,0.473876988939214,2154389.0,72680.0
2021-05-30,0.410307290257918,0.133831487805483,0.455861221936599,1873161.0,55317.0
2021-05-31,0.387459819082529,0.123678471952835,0.488861708964636,1713463.0,57341.0
2021-06-01,0.399481463354851,0.106257944186569,0.49426059245858,1839438.0,86597.0
2021-06-02,0.408231056543726,0.104442786884359,0.487326156571915,2243573.0,75509.0
2021-06-03,0.407450897622095,0.103827742512201,0.488721359865704,2210773.0,98807.0
2021-06-04,0.426727035917985,0.101069362788342,0.472203601293673,2132470.0,78691.0
2021-06-05,0.42434159472646,0.0999485239714151,0.475709881302125,1484507.0,62344.0
2021-06-06,0.440349500595754,0.107677478477224,0.451973020927023,1388338.0,46393.0
2021-06-07,0.411441428336083,0.100549283346122,0.488009288317795,1752030.0,62127.0
2021-06-08,0.400827699050885,0.111794848766318,0.487377452182797,1705260.0,69787.0
2021-06-09,0.385436697222089,0.107764334155155,0.506798968622755,1875970.0,79344.0
2021-06-10,0.401290764765552,0.104060842369216,0.494648392865232,1633096.0,82938.0
2021-06-11,0.396247362547792,0.111369274114363,0.492383363337845,1812495.0,81568.0
2021-06-12,0.416570979654823,0.102620657765844,0.480808362579333,1521577.0,57579.0
2021-06-13,0.438188504798829,0.0898218670959,0.471989628105271,1630919.0,46531.0
2021-06-14,0.423541966691676,0.100429734772186,0.476028298536139,1858181.0,60683.0
2021-06-15,0.421110765064673,0.105267702875679,0.473621532059648,1868951.0,65128.0
2021-06-16,0.411093512151181,0.1113546659939,0.477551821854919,1799938.0,66801.0
2021-06-17,0.417273987664647,0.104632692279757,0.478093320055596,1642405.0,65291.0
2021-06-18,0.406423197552998,0.102801266424376,0.490775536022626,1627488.0,78962.0
2021-06-19,0.436772895496062,0.101910793147687,0.46131631135625,1463454.0,57240.0
2021-06-20,0.424428242196133,0.100143161570407,0.475428596233459,1360316.0,50532.0
2021-06-21,0.407212766532417,0.101906174614389,0.490881058853194,1786391.0,62817.0
2021-06-22,0.395850531587284,0.118111561076657,0.486037907336059,1777716.0,68530.0
2021-06-23,0.406982649951298,0.10256063819321,0.490456711855492,1741236.0,78899.0
2021-06-24,0.435098655406604,0.0998058983324923,0.465095446260904,1655926.0,81161.0
2021-06-25,0.423426176068087,0.0931856833078893,0.483388140624024,1789721.0,92330.0
2021-06-26,0.447242352593314,0.0906536139731071,0.462104033433579,1661884.0,71709.0
2021-06-27,0.44351325153307,0.0883763997055573,0.468110348761373,1626858.0,56112.0
2021-06-28,0.429835741958877,0.101710928799877,0.468453329241246,1907048.0,87512.0
2021-06-29,0.431829635070225,0.0996439449150983,0.468526420014677,1770160.0,83936.0
2021-06-30,0.435951503126732,0.0953141384819636,0.468734358391304,1746676.0,99952.0
2021-07-01,0.409797078436133,0.125660205623147,0.464542715940719,1635348.0,110133.0
2021-07-02,0.411875987848761,0.111839168611045,0.476284843540194,1531227.0,124910.0
2021-07-03,0.446588825638376,0.0992896351426494,0.454121539218974,1357883.0,85046.0
2021-07-04,0.440950419836366,0.110481531237505,0.448568048926128,1422405.0,73984.0
2021-07-05,0.443038177573074,0.0990439445723604,0.457917877854565,1870605.0,117295.0
2021-07-06,0.435175616024592,0.0886897694706444,0.476134614504764,2005701.0,127386.0
2021-07-07,0.445241986230822,0.0921365871811686,0.462621426588009,2003819.0,138956.0
2021-07-08,0.437987634527111,0.088647036015885,0.473365329457004,1909814.0,141391.0
2021-07-09,0.451859114906819,0.0974532582530505,0.45068762684013,1774252.0,181974.0
2021-07-10,0.481715318154517,0.0815280758363715,0.436756606009111,1943768.0,116489.0
2021-07-11,0.485444482370373,0.0826861356868739,0.431869381942753,2320899.0,107253.0
2021-07-12,0.487668989913871,0.0873419523662411,0.424989057719888,2088378.0,163917.0
2021-07-13,0.480599145110727,0.0885400619692694,0.430860792920004,1985344.0,191749.0
2021-07-14,0.480086266882795,0.0841335832643017,0.435780149852903,1809860.0,185790.0
2021-07-15,0.45580213123118,0.0875261886127103,0.45667168015611,1948241.0,201137.0
2021-07-16,0.473906338826146,0.0920898507127013,0.434003810461152,2403734.0,256193.0
2021-07-17,0.503969816140438,0.0870904497654952,0.408939734094067,2455906.0,155825.0
2021-07-18,0.469129564729522,0.0920902861289176,0.43878014914156,2341414.0,143572.0
2021-07-19,0.464067000705838,0.091828922946428,0.444104076347734,2627836.0,229121.0
2021-07-20,0.486368288849563,0.0744377535997625,0.439193957550675,2714776.0,213978.0
2021-07-21,0.502010314953803,0.0792834014098377,0.41870628363636,2769039.0,231747.0
2021-07-22,0.478179207238689,0.092677260228304,0.429143532533007,2667743.0,236568.0
2021-07-23,0.486493031552019,0.0880871385537965,0.425419829894184,2611149.0,276224.0
2021-07-24,0.485230954442021,0.0921415202334654,0.422627525324513,2444694.0,180010.0
2021-07-25,0.49650205357437,0.0923440306117042,0.411153915813926,2207829.0,133807.0
2021-07-26,0.472600553591209,0.0962761933497818,0.431123253059009,2250616.0,245677.0
2021-07-27,0.463478621693236,0.0912552068271279,0.445266171479637,2550809.0,233257.0
2021-07-28,0.458072119515452,0.0875408840217508,0.454386996462797,2912092.0,241907.0
2021-07-29,0.457901022532709,0.0835362755550985,0.458562701912192,3029235.0,255054.0
2021-07-30,0.482420361822913,0.0763331826940686,0.441246455483018,3171007.0,360607.0
2021-07-31,0.481806725720233,0.0831307953883983,0.435062478891368,2150134.0,166595.0
2021-08-01,0.492917605631737,0.0740113370369961,0.433071057331267,2593923.0,150747.0
2021-08-02,0.453736001343631,0.0860549222981225,0.460209076358247,2741789.0,273123.0
2021-08-03,0.452099924540721,0.0798803171692804,0.468019758289998,2819952.0,260798.0
2021-08-04,0.469586811867223,0.0863131128628983,0.444100075269879,2955195.0,275510.0
2021-08-05,0.473740924914335,0.0874600026810037,0.438799072404662,3120910.0,287276.0
2021-08-06,0.46693430508176,0.0832075366584014,0.449858158259839,2855768.0,431394.0
2021-08-07,0.499379036681106,0.0872281248401457,0.413392838478749,2629564.0,192956.0
2021-08-08,0.495248963818381,0.0936809203631773,0.411070115818441,2582199.0,145414.0
2021-08-09,0.48894497810137,0.0836723261445081,0.427382695754121,2867348.0,321404.0
2021-08-10,0.49385038243529,0.0811638803490004,0.424985737215709,2960596.0,286470.0
2021-08-11,0.48301533980793,0.0812513385917401,0.43573332160033,2833186.0,345376.0
2021-08-12,0.486666845182955,0.0722148131039087,0.441118341713137,2983946.0,329981.0
2021-08-13,0.4600532433651,0.0810240395600116,0.458922717074888,2560558.0,416374.0
2021-08-14,0.487398181696735,0.0900082565915976,0.422593561711668,2294911.0,202994.0
2021-08-15,0.485053283907986,0.0841403120451307,0.430806404046883,2014813.0,155202.0
2021-08-16,0.462920098239455,0.0920687176273862,0.445011184133158,1646079.0,376976.0
2021-08-17,0.441265806665359,0.0903617630708149,0.468372430263826,2346497.0,318036.0
2021-08-18,0.448024753415415,0.0849389293650636,0.467036317219521,2719224.0,359040.0
2021-08-19,0.465604871655486,0.0876950334519992,0.446700094892515,2602679.0,349001.0
2021-08-20,0.475383723481119,0.0879968827094106,0.43661939380947,2680433.0,437532.0
2021-08-21,0.51264280371232,0.0854820239325114,0.401875172355169,2420666.0,225374.0
2021-08-22,0.486777760782745,0.0774693033561686,0.435752935861086,2362451.0,163598.0
2021-08-23,0.468104452685486,0.0798459335738744,0.45204961374064,2507168.0,387466.0
2021-08-24,0.474818168774029,0.084937531263271,0.4402442999627,2208894.0,344588.0
2021-08-25,0.483039376222067,0.081002695038892,0.435957928739041,2291034.0,365274.0
2021-08-26,0.491356911643229,0.0806018033407322,0.428041285016039,2350413.0,373127.0
2021-08-27,0.480048159752821,0.0814943897264265,0.438457450520753,2371264.0,400912.0
2021-08-28,0.495389481769617,0.0751595459519375,0.429450972278445,2297833.0,231898.0
2021-08-29,0.525574705151558,0.0745061521156956,0.399919142732747,2130577.0,165609.0
2021-08-30,0.493715732300372,0.0767736509935411,0.429510616706087,2317526.0,395218.0
2021-08-31,0.474509989705524,0.0852742308564313,0.440215779438045,2241445.0,323250.0
2021-09-01,0.479645302931467,0.0882274168718737,0.432127280196659,2400433.0,400893.0
2021-09-02,0.504146118212063,0.0853977434016514,0.410456138386286,2784186.0,354761.0
2021-09-03,0.486687594418845,0.0820572942404034,0.431255111340752,2211288.0,404965.0
2021-09-04,0.490440426758407,0.0922969764349172,0.417262596806675,1964277.0,219878.0
2021-09-05,0.470922525299574,0.111875859351043,0.417201615349384,1986720.0,172890.0
2021-09-06,0.4849009819959,0.0866374756895673,0.428461542314532,1859652.0,212974.0
2021-09-07,0.484793681434938,0.0756606507223784,0.439545667842684,2338419.0,451395.0
2021-09-08,0.475608187247973,0.0883298671697184,0.436061945582309,2215621.0,348690.0
2021-09-09,0.461725207461356,0.0801536394611235,0.458121153077521,2557731.0,349660.0
2021-09-10,0.497010371902146,0.0855591355914504,0.417430492506404,3105620.0,376990.0
2021-09-11,0.487558245381095,0.0824318303440542,0.430009924274851,2117578.0,221990.0
2021-09-12,0.472323642406079,0.0842499265033655,0.443426431090555,1868516.0,153999.0
2021-09-13,0.474312420092832,0.0861510477512779,0.43953653215589,2381117.0,381705.0
2021-09-14,0.458076070649104,0.0881820797604678,0.453741849590428,2480061.0,308805.0
2021-09-15,0.45577333594556,0.0875076792357952,0.456718984818644,2147536.0,327087.0
2021-09-16,0.483115857259707,0.0909289944435023,0.42595514829679,2324345.0,315001.0
2021-09-17,0.485306153377694,0.0881163825915294,0.426577464030777,2333237.0,366155.0
2021-09-18,0.487306085736024,0.0948387129281202,0.417855201335856,1836643.0,191466.0
2021-09-19,0.483158004559952,0.0829335479930363,0.433908447447012,2002944.0,166847.0
2021-09-20,0.462144094221725,0.0851859958054012,0.452669909972874,2317452.0,333726.0
2021-09-21,0.457770485343399,0.0891857227970816,0.45304379185952,2159624.0,278074.0
2021-09-22,0.421875388967988,0.09424012513635,0.483884485895662,2107331.0,298042.0
2021-09-23,0.455504520448177,0.0883692492353525,0.456126230316471,1972853.0,292841.0
2021-09-24,0.433213952598249,0.092305263257025,0.474480784144726,2042227.0,340628.0
2021-09-25,0.437023947080258,0.0883391058078398,0.474636947111902,1658784.0,178529.0
2021-09-26,0.474178049218246,0.0840271773743307,0.441794773407424,1496925.0,176798.0
2021-09-27,0.468546489146186,0.0884759404172671,0.442977570436547,1973495.0,311458.0
2021-09-28,0.462187856219581,0.0853770746740725,0.452435069106347,2073157.0,275036.0
2021-09-29,0.474653034763865,0.0838535207657145,0.44149344447042,1956593.0,297292.0
2021-09-30,0.494553203229998,0.0815099997995233,0.423936796970478,1881816.0,281667.0
2021-10-01,0.469333483005306,0.0797362706503742,0.45093024634432,822027.0,321293.0
2021-10-02,0.482659640418165,0.0836057161278849,0.43373464345395,742459.0,187050.0
2021-10-03,0.50768571941155,0.086546701936273,0.405767578652177,685167.0,158222.0
2021-10-04,0.452643404320284,0.0853468337674293,0.462009761912287,734735.0,297709.0
2021-10-05,0.43212266821025,0.0770046301993812,0.490872701590369,889030.0,253549.0
2021-10-06,0.461146147881131,0.0722824505367889,0.466571401582081,1025749.0,294275.0
2021-10-07,0.441008239825484,0.0725163044112941,0.486475455763222,795360.0,293687.0
2021-10-08,0.468276635038158,0.0787621834062256,0.452961181555617,688604.0,302018.0
2021-10-09,0.470784151912469,0.0976452162870223,0.431570631800509,1328086.0,189605.0
2021-10-10,0.465561747790803,0.103770166623882,0.430668085585315,1410174.0,176399.0
2021-10-11,0.447313666963409,0.0956110664325203,0.457075266604071,1570762.0,250595.0
2021-10-12,0.476788972880543,0.0883842321400479,0.434826794979409,1997715.0,289199.0
2021-10-13,0.477178895677248,0.0843251237723927,0.438495980550359,1774101.0,313188.0
2021-10-14,0.477844948277645,0.0873034321024744,0.434851619619881,1722474.0,291072.0
2021-10-15,0.47378995162323,0.0856356035980867,0.440574444778683,1612767.0,306113.0
2021-10-16,0.484226080581724,0.0881463934059275,0.427627526012349,1353583.0,212492.0
2021-10-17,0.495669148200391,0.0880408565503251,0.416289995249284,1331448.0,188605.0
2021-10-18,0.472314578306754,0.0849615817821727,0.442723839911073,1955988.0,285162.0
2021-10-19,0.472036414364903,0.0801323818278831,0.447831203807214,1872672.0,300730.0
2021-10-20,0.470530273597759,0.0754040611274882,0.454065665274753,2008785.0,328318.0
2021-10-21,0.43853919835934,0.108301915750441,0.453158885890219,2004423.0,319680.0
2021-10-22,0.43219789151047,0.101756710545108,0.466045397944423,1676752.0,340849.0
2021-10-23,0.454712815077567,0.0886179118189159,0.456669273103517,1336035.0,238077.0
2021-10-24,0.472148116724937,0.0878951389278236,0.439956744347239,1320875.0,197645.0
2021-10-25,0.476859276167169,0.0896681351832467,0.433472588649584,1503252.0,315023.0
2021-10-26,0.43890030350707,0.086149467687668,0.474950228805262,1546844.0,314912.0
2021-10-27,0.431926522021186,0.102617934536492,0.465455543442321,1565318.0,369483.0
2021-10-28,0.440850084115997,0.101297088240784,0.457852827643219,1515390.0,327351.0
2021-10-29,0.438218806504984,0.112294796508606,0.44948639698641,1466872.0,370664.0
2021-10-30,0.448618409623761,0.10637332925857,0.445008261117669,1250663.0,266779.0
2021-10-31,,,,,211370.0
2021-11-01,0.42840614566931,0.118444078349347,0.453149775981343,1471698.0,314289.0
2021-11-02,0.459940607130138,0.0888770608620714,0.45118233200779,1457655.0,300352.0
2021-11-03,0.440332617406893,0.113526745503323,0.446140637089784,1576984.0,394466.0
2021-11-04,0.455457623743024,0.095662979485351,0.448879396771625,1593017.0,386907.0
2021-11-05,0.464368315044411,0.0894652848437711,0.446166400111818,1674568.0,383217.0
2021-11-06,0.459076094164344,0.0899783736532072,0.450945532182449,1389221.0,303685.0
2021-11-07,0.496361889770452,0.0894334293960884,0.414204680833459,1363976.0,237669.0
2021-11-08,0.470251643490676,0.0897603265095241,0.4399880299998,1567072.0,368787.0
2021-11-09,0.465984843100594,0.0851542773600823,0.448860879539324,1649070.0,360829.0
2021-11-10,0.450675391236316,0.0931183712133777,0.456206237550306,1512130.0,443811.0
2021-11-11,0.445959159851891,0.088768278746896,0.465272561401212,1305532.0,388922.0
2021-11-12,0.479684223171279,0.0912276552985917,0.429088121530129,1477962.0,467250.0
2021-11-13,0.4966472673031,0.0978187911814851,0.405533941515415,1474306.0,319493.0
2021-11-14,0.496403116142308,0.0864470614608438,0.417149822396848,1441143.0,255001.0
2021-11-15,0.467219835353721,0.0828194706131663,0.449960694033113,1488018.0,439833.0
2021-11-16,0.46186766292518,0.0828958959268965,0.455236441147923,1500920.0,416259.0
2021-11-17,0.452285041067605,0.0930742422949789,0.454640716637416,1502991.0,503548.0
2021-11-18,0.420474503863654,0.089256064656273,0.490269431480073,1556387.0,495661.0
2021-11-19,0.43350797011857,0.091197774539897,0.475294255341533,1406414.0,498982.0
2021-11-20,0.448039211543432,0.11068026544734,0.441280523009228,1226110.0,366708.0
2021-11-21,0.466822034643862,0.0929296564806769,0.440248308875462,1251614.0,299072.0
2021-11-22,0.461502767272954,0.0886961149269791,0.449801117800067,1373337.0,526806.0
2021-11-23,0.436724121327511,0.09610273397658,0.467173144695909,1351936.0,444951.0
2021-11-24,0.431983608140541,0.115941227219368,0.452075164640091,1557633.0,549618.0
2021-11-25,0.435523249791193,0.116292424645687,0.44818432556312,1407998.0,466411.0
2021-11-26,0.420163147039235,0.101600701782592,0.478236151178173,1844601.0,476664.0
2021-11-27,0.442540096380739,0.0732668099108726,0.484193093708388,2114780.0,345232.0
2021-11-28,0.462876957236958,0.0730415851122911,0.464081457650751,2364093.0,309164.0
2021-11-29,0.450371615998685,0.077296940410245,0.47233144359107,2543673.0,560524.0
2021-11-30,0.442100979595598,0.0809996061623586,0.476899414242043,2542091.0,506219.0
2021-12-01,0.440501450399525,0.0803868624075044,0.47911168719297,2528901.0,579504.0
2021-12-02,0.448723496045105,0.0773986054605149,0.47387789849438,2677778.0,579127.0
2021-12-03,0.441717621255382,0.0788867218586382,0.47939565688598,2321089.0,584501.0
2021-12-04,0.481932776974061,0.0838535548066838,0.434213668219255,1970618.0,393556.0
2021-12-05,0.485242876594126,0.0840498335538373,0.430707289852037,1903567.0,320308.0
2021-12-06,0.477300601004936,0.0792228203165689,0.443476578678495,2007522.0,490009.0
2021-12-07,0.465195416978106,0.0866938796287834,0.448110703393111,1425784.0,565387.0
2021-12-08,0.456341391269199,0.0736270311213643,0.470031577609437,2027211.0,530705.0
2021-12-09,0.433536630246879,0.075680990285396,0.490782379467725,2179083.0,589218.0
