date,negative_count,negative_avg,positive_count,positive_avg,neutral_count,neutral_avg
2020-01-24,115732.66666666667,0.4054521226944443,12932.666666666666,0.04540191656944443,140837.66666666666,0.5491459606805557
2020-01-25,236235.33333333334,0.453745381486111,23761.333333333332,0.04339519158333333,282758.3333333333,0.5028594269583334
2020-01-26,366323.3333333333,0.431332480333333,31814.0,0.04043333008333334,455966.6666666667,0.5282341895972223
2020-01-27,439092.3333333333,0.46317538454166635,30329.666666666668,0.032458499125000005,485548.6666666667,0.5043661163472223
2020-01-28,421519.3333333333,0.4563030988472219,31781.666666666668,0.035838598319444435,471638.0,0.507858302777778
2020-01-29,462129.3333333333,0.47872170259722197,39876.333333333336,0.04188193380555553,451862.6666666667,0.47939636348611137
2020-01-30,543502.0,0.4556105678055553,60764.333333333336,0.05128729663888887,579735.6666666666,0.49310213545833365
2020-01-31,649516.6666666666,0.4681269319166663,74380.0,0.0536390775,669302.6666666666,0.47823399047222237
2020-02-01,523159.3333333333,0.4665448637361109,66570.66666666667,0.0600029185,557594.3333333334,0.47345221775
2020-02-02,371434.0,0.4741750617916667,47555.0,0.061215915749999995,377507.0,0.464609022486111
2020-02-03,228744.66666666666,0.46494410738888897,34440.666666666664,0.06861404208333333,233797.33333333334,0.46644185062500004
2020-02-04,233834.33333333334,0.4491823287222223,36622.333333333336,0.07009057816666665,250358.33333333334,0.4807270931805556
2020-02-05,223264.66666666666,0.42910064983333335,45532.333333333336,0.08757998659722233,251397.33333333334,0.48331936354166666
2020-02-06,235715.33333333334,0.43805494363888897,44632.666666666664,0.08404697079166677,255952.0,0.477898085513889
2020-02-07,229614.33333333334,0.43540681476388904,43872.0,0.08423544981944457,251253.33333333334,0.480357735361111
2020-02-08,235926.66666666666,0.4455008119305557,34225.0,0.06433282229166666,259424.66666666666,0.49016636577777767
2020-02-09,231524.0,0.44887702847222233,33315.0,0.06416875234722223,253212.33333333334,0.48695421915277765
2020-02-10,239133.33333333334,0.44905711825,33411.333333333336,0.062110756847222226,263485.3333333333,0.48883212487500005
2020-02-11,251696.66666666666,0.452187743138889,35787.0,0.06428951918055556,270956.6666666667,0.483522737625
2020-02-12,260940.0,0.45751058313888904,34199.333333333336,0.05974917645833333,274713.0,0.482740240361111
2020-02-13,270027.6666666667,0.46516935680555566,33517.0,0.057526786069444426,276449.6666666667,0.477303857111111
2020-02-14,260797.33333333334,0.452697288902778,35816.333333333336,0.062166073680555566,279368.0,0.4851366374444443
2020-02-15,237570.0,0.43568620522222234,37197.666666666664,0.06870892686111113,271437.3333333333,0.4956048680138887
2020-02-16,205781.66666666666,0.4078204821805557,35088.333333333336,0.06913692900000003,264886.3333333333,0.5230425889027777
2020-02-17,200438.0,0.409938322013889,33012.666666666664,0.0674214495138889,256122.0,0.5226402285277776
2020-02-18,220552.66666666666,0.4170576389444447,34140.666666666664,0.06516475020833333,270310.0,0.5177776107916666
2020-02-19,239365.0,0.45023605952777795,36838.333333333336,0.06955518440277776,254918.0,0.48020875601388857
2020-02-20,240883.66666666666,0.4549912496666666,40075.333333333336,0.0758512086111111,246950.0,0.4691575416944443
2020-02-21,238000.0,0.45894484756944437,38289.333333333336,0.0727153742222222,242635.0,0.4683397781805552
2020-02-22,225183.66666666666,0.45563761762500005,34279.0,0.06688324704166664,235921.66666666666,0.4774791353888886
2020-02-23,162154.66666666666,0.47459246358333335,19951.333333333332,0.05121467502777777,165750.33333333334,0.4741928614305553
2020-02-24,139604.33333333334,0.46680164726388895,19215.0,0.054423956013888906,150778.66666666666,0.4787743967916666
2020-02-25,147341.66666666666,0.467243773236111,19478.666666666668,0.05361158280555556,157870.0,0.4791446439861113
2020-02-26,217076.33333333334,0.456640269861111,30711.0,0.06273415231944443,229009.33333333334,0.4806255778472222
2020-02-27,265160.3333333333,0.46804587809722203,33433.0,0.05893697087499997,262199.6666666667,0.47301715106944425
2020-02-28,417911.3333333333,0.47223573933333335,53486.0,0.061435220583333304,426845.6666666667,0.4663290401111109
2020-02-29,853278.3333333334,0.48778754047222234,103406.33333333333,0.0591326974722222,777923.3333333334,0.4530797621111109
2020-03-01,1105319.0,0.48810593641666666,137179.66666666666,0.061062056986111106,1018759.6666666666,0.45083200665277756
2020-03-02,963349.3333333334,0.479015312375,127568.33333333333,0.07527725958333333,860983.6666666666,0.4457074280972219
2020-03-03,829450.6666666666,0.4696551580555557,120888.66666666667,0.07922601561111109,791267.0,0.4511188264027776
2020-03-04,859571.0,0.4588593961111114,134751.0,0.08206372293055553,865248.3333333334,0.4590768810277776
2020-03-05,880978.3333333334,0.4551614770694446,134125.66666666666,0.07319133606944443,898623.0,0.47164718694444424
2020-03-06,616448.6666666666,0.45041845322222235,100311.0,0.07718362572222222,649390.6666666666,0.4723979211111109
2020-03-07,357836.0,0.4715649458194447,59552.333333333336,0.07879693598611114,338222.3333333333,0.44963811823611094
2020-03-08,372205.3333333333,0.4877079434166667,60334.0,0.07929486080555558,329390.3333333333,0.43299719580555524
2020-03-09,372283.6666666667,0.49090542833333334,56950.666666666664,0.0751127372361111,328001.3333333333,0.43398183443055527
2020-03-10,354742.3333333333,0.4776812777777777,55032.0,0.07420581983333334,332077.0,0.44811290241666657
2020-03-11,342149.3333333333,0.46370152212500004,54361.666666666664,0.07397804279166666,339446.6666666667,0.46232043505555565
2020-03-12,330430.0,0.45237011312500003,55338.333333333336,0.07547752491666666,343720.0,0.47215236194444454
2020-03-13,319768.6666666667,0.44748640225,54661.333333333336,0.07654963434722219,340602.3333333333,0.4759639632777779
2020-03-14,314321.6666666667,0.449921931986111,55692.333333333336,0.07973449561111111,329694.0,0.47034357230555557
2020-03-15,300183.0,0.44831500951388875,57179.333333333336,0.08621455845833333,312488.0,0.4654704319583332
2020-03-16,281638.6666666667,0.4317078579166664,60845.0,0.09379712368055558,308462.3333333333,0.4744950184027776
2020-03-17,370381.6666666667,0.41442082383333306,81278.66666666667,0.09323712966666668,449760.3333333333,0.49234204648611096
2020-03-18,417043.6666666667,0.4148786778055554,86860.66666666667,0.0919290090138889,491856.0,0.4931923131527776
2020-03-19,583819.6666666666,0.433385433861111,115500.33333333333,0.0889814465138889,633169.6666666666,0.47763311958333327
2020-03-20,636639.6666666666,0.446220261736111,124207.0,0.0902576471388889,648007.6666666666,0.4635220911249999
2020-03-21,715685.0,0.4474565437638887,146901.66666666666,0.0920020865138889,736202.3333333334,0.4605413697499999
2020-03-22,718146.0,0.44303231408333305,150884.33333333334,0.09340304484722223,750594.3333333334,0.46356464115277757
2020-03-23,737089.3333333334,0.4468558974999997,153680.33333333334,0.09355503609722222,757584.6666666666,0.45958906647222225
2020-03-24,594714.3333333334,0.43926313945833306,124589.66666666667,0.09712086794444434,613800.6666666666,0.4636159926944446
2020-03-25,436880.0,0.421210828986111,98713.33333333333,0.10427145586111099,473384.3333333333,0.47451771519444463
2020-03-26,429606.6666666667,0.41415702040277774,102088.66666666667,0.10561860737499991,488318.3333333333,0.48022437233333326
2020-03-27,565244.3333333334,0.41166872259722237,138288.0,0.10605797544444456,648527.6666666666,0.4822733019999999
2020-03-28,712253.6666666666,0.42055985363888904,171376.66666666666,0.10233274493055557,803850.6666666666,0.4771074015277776
2020-03-29,712390.3333333334,0.4240022359305557,171890.33333333334,0.10349778605555555,788512.6666666666,0.47249997808333327
2020-03-30,684346.6666666666,0.43457598775,152877.66666666666,0.09931598791666656,729741.0,0.46610802444444427
2020-03-31,526421.6666666666,0.43383254479166666,115431.0,0.10292194098611124,548863.0,0.4632455143472223
2020-04-01,447423.3333333333,0.43468640126388897,93373.33333333333,0.10192267922222233,463205.0,0.46339091956944456
2020-04-02,521001.0,0.44130318584722233,100561.33333333333,0.09581280083333343,532473.6666666666,0.4628840133333336
2020-04-03,670824.0,0.44732616850000007,126525.0,0.08767209713888886,693378.0,0.4650017343611113
2020-04-04,756197.6666666666,0.4515495249305557,149781.33333333334,0.08956047706944444,766309.0,0.4588899980416666
2020-04-05,759709.0,0.448960474027778,164050.0,0.09705697509722233,764962.3333333334,0.45398255090277767
2020-04-06,788750.6666666666,0.45284732297222235,170325.33333333334,0.09797642093055565,780933.6666666666,0.4491762560555553
2020-04-07,782619.6666666666,0.4407621399027777,170508.0,0.0962631502500001,821560.6666666666,0.4629747098333333
2020-04-08,710511.0,0.43425788040277774,153152.0,0.09603934381944444,763583.3333333334,0.46970277576388897
2020-04-09,614178.0,0.4248191633194443,135238.66666666666,0.09958149369444434,674240.3333333334,0.47559934309722224
2020-04-10,627041.0,0.435389485986111,135049.0,0.10002114990277766,648895.6666666666,0.46458936419444424
2020-04-11,709664.6666666666,0.4521946945277777,145964.33333333334,0.09724774170833322,688232.0,0.45055756386111095
2020-04-12,806535.6666666666,0.47501204808333336,160872.0,0.0947006415,732507.0,0.43028731047222224
2020-04-13,791944.6666666666,0.47498782069444473,152746.66666666666,0.09175184616666666,723401.3333333334,0.43326033315277795
2020-04-14,779374.3333333334,0.4623537447083334,149840.33333333334,0.0891428108472222,758222.6666666666,0.44850344447222223
2020-04-15,794937.6666666666,0.4572701715416667,144111.0,0.08296893226388886,799240.0,0.4597608961666666
2020-04-16,803006.3333333334,0.45438989555555537,148718.33333333334,0.08421962561111111,814579.0,0.46139047873611094
2020-04-17,799290.6666666666,0.45517019268055536,146033.66666666666,0.08314549601388892,810265.3333333334,0.4616843111527776
2020-04-18,719103.3333333334,0.434105251208333,148821.0,0.0905923886388888,783494.6666666666,0.4753023599999999
2020-04-19,736827.6666666666,0.44225355516666637,147556.0,0.08950763926388879,773888.0,0.4682388054861113
2020-04-20,756209.3333333334,0.446102444486111,148138.0,0.08859978443055545,781404.6666666666,0.465297771041667
2020-04-21,628616.0,0.446998985361111,120490.0,0.09634658755555547,623574.0,0.45665442705555565
2020-04-22,610109.0,0.44054333593055567,120754.66666666667,0.09721866027777766,626624.0,0.46223800379166663
2020-04-23,602047.0,0.42977827127777773,127631.33333333333,0.10021457840277766,649654.6666666666,0.4700071502777776
2020-04-24,810670.3333333334,0.42673738156944435,174516.33333333334,0.09158022373611112,915712.0,0.48168239462499995
2020-04-25,907959.0,0.427882084097222,183302.66666666666,0.08775071613888889,1016937.0,0.48436719970833325
2020-04-26,1016770.6666666666,0.4449152598333334,187263.0,0.08314414988888891,1068958.6666666667,0.47194059024999996
2020-04-27,1094157.6666666667,0.458804983263889,183901.0,0.07758701675000003,1102901.3333333333,0.46360799994444424
2020-04-28,1003775.6666666666,0.4568586986805557,168292.66666666666,0.0794620329166667,1013439.3333333334,0.4636792683333333
2020-04-29,834236.0,0.4416340932500001,151561.66666666666,0.08819810273611113,873593.0,0.47016780402777764
2020-04-30,754065.0,0.43753103915277763,148025.66666666666,0.0932022252638889,793102.6666666666,0.4692667356666666
2020-05-01,738561.3333333334,0.424365594,161215.66666666666,0.09672920269444445,823240.3333333334,0.47890520333333325
2020-05-02,813437.6666666666,0.42758771934722234,175835.0,0.0928024438611111,908525.0,0.47960983680555563
2020-05-03,833763.0,0.43322678080555566,169263.66666666666,0.08860930823611109,915954.3333333334,0.4781639109722223
2020-05-04,905741.6666666666,0.4505807045694444,165967.66666666666,0.08356630875,929566.6666666666,0.4658529867916666
2020-05-05,797670.0,0.4507244860694444,148523.33333333334,0.08673939672222224,812291.6666666666,0.4625361172777776
2020-05-06,848700.6666666666,0.45659392340277766,158330.66666666666,0.08792936329166667,833781.3333333334,0.45547671340277757
2020-05-07,926368.6666666666,0.460964473986111,173710.33333333334,0.08918892451388889,887878.3333333334,0.4498466015555553
2020-05-08,1108856.0,0.46638926401388875,203059.33333333334,0.08582730876388889,1058276.6666666667,0.4477834272222219
2020-05-09,1079785.3333333333,0.45486057088888865,203609.33333333334,0.08627412898611113,1082378.3333333333,0.4588653000555553
2020-05-10,1007463.6666666666,0.44204379522222204,196800.66666666666,0.08664910813888889,1070696.0,0.47130709661111087
2020-05-11,1035104.6666666666,0.4334880467499997,204040.0,0.08582954265277776,1145831.6666666667,0.4806824105694442
2020-05-12,1094762.6666666667,0.438269175097222,204198.33333333334,0.08299432229166667,1189730.3333333333,0.4787365026249999
2020-05-13,1173505.6666666667,0.44562047825,208660.33333333334,0.0805235973611111,1240871.6666666667,0.47385592437499996
2020-05-14,1181633.0,0.452355795527778,202306.33333333334,0.07866185591666666,1217622.3333333333,0.46898234854166665
2020-05-15,1186563.0,0.4547995739861113,203774.66666666666,0.0783894008472222,1214466.6666666667,0.46681102509722194
2020-05-16,1132880.3333333333,0.4562254219305557,202336.33333333334,0.0818821625972222,1143748.3333333333,0.46189241540277753
2020-05-17,1114706.6666666667,0.4647538022916667,193312.33333333334,0.08097470249999997,1085549.0,0.4542714951527776
2020-05-18,1105351.3333333333,0.4631530925416667,188554.0,0.07960666623611111,1084346.0,0.45724024120833323
2020-05-19,1119674.6666666667,0.4622474999583333,185234.0,0.07693253404166667,1112478.3333333333,0.4608199660416666
2020-05-20,1123207.3333333333,0.45868879391666667,191297.66666666666,0.07866505772222224,1126877.6666666667,0.46264614841666657
2020-05-21,1109393.6666666667,0.46139136197222236,190164.33333333334,0.07946312931944444,1100680.6666666667,0.45914550873611093
2020-05-22,1059773.0,0.45546617119444477,189432.0,0.08207910069444443,1068748.0,0.4624547281527776
2020-05-23,1012779.0,0.4532818155138891,181414.0,0.08208155888888886,1030192.3333333334,0.4646366256527776
2020-05-24,1010336.3333333334,0.46895551,178874.33333333334,0.08414484329166666,955722.3333333334,0.4468996467361109
2020-05-25,1017862.6666666666,0.480800119597222,176941.66666666666,0.08461726941666665,912151.0,0.4345826109305553
2020-05-26,1002749.6666666666,0.48081257145833334,186159.33333333334,0.0901368904027778,892575.6666666666,0.429050538125
2020-05-27,971566.3333333334,0.4775223708194443,177056.0,0.08742461736111112,882513.6666666666,0.4350530118194446
2020-05-28,1016803.3333333334,0.4928328040277778,170980.66666666666,0.08366720475000004,869770.3333333334,0.4234999912222222
2020-05-29,1116027.3333333333,0.5255552323055555,152224.66666666666,0.07251779519444446,845461.6666666666,0.4019269724166666
2020-05-30,1209384.0,0.5621115753888887,146311.33333333334,0.06815757923611114,794345.3333333334,0.36973084534722195
2020-05-31,1275550.0,0.5913818838333333,133266.66666666666,0.061989457152777795,746526.3333333334,0.34662865905555523
2020-06-01,1238243.0,0.5942732218055556,124983.66666666667,0.0602880195277778,717486.3333333334,0.3454387587222219
2020-06-02,1147660.6666666667,0.5637617945833336,121596.33333333333,0.060075379124999995,761020.0,0.3761628262916666
2020-06-03,1058296.3333333333,0.5427023623750004,126181.66666666667,0.0649090730972222,766490.6666666666,0.39238856447222226
2020-06-04,1030421.6666666666,0.536724033513889,129462.33333333333,0.06728299368055553,764736.6666666666,0.39599297276388895
2020-06-05,958252.6666666666,0.5439235087916667,127510.33333333333,0.07260043088888886,678073.3333333334,0.3834760603611109
2020-06-06,1040478.0,0.5249484283750001,159167.0,0.07806478033333332,804215.0,0.39698679131944425
2020-06-07,1154374.0,0.5191916776388891,187739.33333333334,0.0829066605,892575.6666666666,0.3979016618749999
2020-06-08,1287552.3333333333,0.49574734208333343,232371.66666666666,0.08913098330555556,1077591.0,0.41512167455555554
2020-06-09,1256041.0,0.4813963657777777,242147.0,0.09123833125000001,1121114.0,0.4273653028749999
2020-06-10,1239039.3333333333,0.45651188880555543,267734.3333333333,0.09693665155555557,1220345.0,0.44655145956944425
2020-06-11,1287306.0,0.4476596198194444,281475.0,0.0966826448888889,1315314.3333333333,0.4556577352499999
2020-06-12,1340268.6666666667,0.45032004161111105,293040.6666666667,0.09799845773611111,1346123.6666666667,0.45168150061111123
2020-06-13,1362334.6666666667,0.45916972341666673,291109.6666666667,0.0978218213888889,1314240.0,0.44300845511111125
2020-06-14,1405354.3333333333,0.48576058555555574,285574.3333333333,0.09853554026388889,1201905.0,0.415703874013889
2020-06-15,1490840.0,0.5015903270694447,278004.6666666667,0.0938995805138889,1199259.0,0.4045100923055556
2020-06-16,1502651.6666666667,0.4928060733472224,268529.3333333333,0.08814282404166668,1278163.3333333333,0.4190511025555556
2020-06-17,1500396.0,0.47463031815277773,262011.33333333334,0.08237552359722224,1395798.3333333333,0.44299415820833327
2020-06-18,1398045.0,0.45202868181944433,276445.0,0.08922362098611099,1418172.3333333333,0.45874769719444425
2020-06-19,1325528.6666666667,0.43027315619444434,294724.3333333333,0.09565610797222224,1457928.6666666667,0.47407073579166664
2020-06-20,1259903.3333333333,0.41628004715277767,305763.0,0.10054980105555557,1461687.0,0.4831701518194446
2020-06-21,1309198.0,0.439536641847222,286579.0,0.095607578888889,1383256.6666666667,0.46485577926388894
2020-06-22,1384065.6666666667,0.46433793675000007,277186.0,0.09335930094444445,1318003.3333333333,0.4423027623055556
2020-06-23,1495372.0,0.4787166510833334,279184.0,0.09010749037499997,1348013.6666666667,0.43117585854166657
2020-06-24,1508853.6666666667,0.45757192855555573,281445.3333333333,0.08605935668055553,1504671.0,0.4563687147638889
2020-06-25,1599222.0,0.461701057763889,282732.0,0.08196402945833332,1570720.6666666667,0.45633491279166655
2020-06-26,1691820.3333333333,0.47058368191666694,292027.6666666667,0.08167124737499999,1597018.3333333333,0.44774507068055563
2020-06-27,1734172.3333333333,0.481671404902778,306149.0,0.08522506656944444,1553271.6666666667,0.43310352851388895
2020-06-28,1704832.0,0.481245477875,305091.6666666667,0.08631008949999996,1529566.0,0.4324444326805556
2020-06-29,1630760.0,0.47549518623611103,291059.3333333333,0.0846936378611111,1510755.3333333333,0.4398111759166666
2020-06-30,1702211.3333333333,0.480717552,285050.0,0.08078506470833334,1550423.3333333333,0.43849738331944427
2020-07-01,1759511.6666666667,0.48033435240277805,316816.6666666667,0.0865457562638889,1578577.0,0.43311989129166656
2020-07-02,1779923.3333333333,0.4796126065555557,331673.6666666667,0.08961940584722224,1591583.6666666667,0.4307679876249999
2020-07-03,1726467.6666666667,0.47042266358333346,361573.0,0.0984726179999999,1575244.6666666667,0.4311047183749999
2020-07-04,1671957.6666666667,0.46850882809722205,369775.0,0.1033180865138889,1523115.3333333333,0.4281730854166666
2020-07-05,1657307.0,0.4731122382083333,365007.0,0.10452373559722224,1471423.0,0.42236402623611097
2020-07-06,1699394.0,0.480644921263889,332782.0,0.09555130181944456,1489823.6666666667,0.42380377694444427
2020-07-07,1693460.6666666667,0.47676391198611134,284504.0,0.08140823600000001,1565302.0,0.4418278519861109
2020-07-08,1689627.3333333333,0.46588700988888904,278076.6666666667,0.07713881647222219,1652866.0,0.45697417361111087
2020-07-09,1605443.3333333333,0.45460426647222235,277876.3333333333,0.07876735183333329,1648450.3333333333,0.4666283816666666
2020-07-10,1603376.6666666667,0.4660599478333334,287726.3333333333,0.0831179841111111,1554991.6666666667,0.45082206802777763
2020-07-11,1546285.6666666667,0.469624571375,296821.3333333333,0.090086580486111,1433882.0,0.44028884813888897
2020-07-12,1456267.0,0.470003105736111,308169.6666666667,0.10025331611111092,1310612.0,0.4297435781527779
2020-07-13,1532563.6666666667,0.4578267634305557,339997.3333333333,0.10381930172222202,1444787.0,0.4383539348333336
2020-07-14,1623147.3333333333,0.45964838900000005,330181.3333333333,0.09600717874999991,1565741.3333333333,0.4443444321944446
2020-07-15,1859928.3333333333,0.47565681044444436,320921.6666666667,0.08298758144444447,1717645.6666666667,0.4413556081388889
2020-07-16,1905222.6666666667,0.4928545404444444,273946.6666666667,0.0715200631527778,1679455.6666666667,0.43562539644444426
2020-07-17,1965789.0,0.5036464994861111,265991.6666666667,0.06870045198611113,1665416.0,0.4276530485416666
2020-07-18,1840924.3333333333,0.49271084897222245,270997.0,0.07383878155555557,1609359.6666666667,0.4334503694305556
2020-07-19,1742650.6666666667,0.4832861090694444,297854.3333333333,0.08391580137499999,1551268.3333333333,0.432798089541667
2020-07-20,1611635.6666666667,0.4738194758333334,306048.3333333333,0.09094614811111111,1475178.3333333333,0.4352343760277779
2020-07-21,1589674.3333333333,0.47144218283333333,308719.6666666667,0.09243893376388886,1472076.3333333333,0.436118883375
2020-07-22,1523802.6666666667,0.456213292263889,309469.3333333333,0.09353483554166665,1504299.6666666667,0.4502518721666666
2020-07-23,1510179.3333333333,0.45078756288888905,318188.6666666667,0.0958462727638889,1514280.0,0.45336616431944426
2020-07-24,1464288.6666666667,0.4490931969583334,310619.6666666667,0.09588503844444447,1478323.3333333333,0.4550217645416666
2020-07-25,1437630.6666666667,0.45321642037500004,287920.0,0.090866649375,1446152.3333333333,0.4559169301805553
2020-07-26,1413368.0,0.4599505534444444,265023.3333333333,0.08606769523611109,1398351.6666666667,0.45398175127777757
2020-07-27,1427617.6666666667,0.45537762431944434,271169.6666666667,0.08600453601388887,1439725.3333333333,0.45861783966666664
2020-07-28,1527713.3333333333,0.45915313455555534,277426.6666666667,0.08386806588888888,1518873.6666666667,0.4569787995555556
2020-07-29,1567442.0,0.44313663011111104,305578.0,0.08696667022222221,1653510.6666666667,0.46989669965277797
2020-07-30,1645625.3333333333,0.4535261530416667,301615.3333333333,0.08387396740277776,1669931.0,0.46259987955555554
2020-07-31,1594639.6666666667,0.44991508688888904,312727.0,0.0885160534861111,1628954.6666666667,0.461568859625
2020-08-01,1538016.0,0.45664674050000004,304585.3333333333,0.09147419233333344,1513586.6666666667,0.4518790671249999
2020-08-02,1468014.6666666667,0.45134507422222203,297294.6666666667,0.09182633504166678,1480208.6666666667,0.45682859066666665
2020-08-03,1428968.3333333333,0.4562275686805554,284268.0,0.0914099960000001,1411874.6666666667,0.45236243522222225
2020-08-04,1511747.0,0.466451169875,275466.0,0.08578710180555553,1444215.0,0.44776172827777766
2020-08-05,1453279.6666666667,0.465235262402778,268203.0,0.08664482852777777,1390367.3333333333,0.4481199090416666
2020-08-06,1467157.3333333333,0.4701970101509663,258557.66666666666,0.08334419292391303,1384661.6666666667,0.44645879694021723
2020-08-07,1403940.3333333333,0.4633512844981884,255727.66666666666,0.0844761048683575,1364449.0,0.45217261063466196
2020-08-08,1418265.6666666667,0.4755339217723427,264496.3333333333,0.08888557406642526,1301544.0,0.4355805041769323
2020-08-09,1434821.0,0.48142436645350206,267381.3333333333,0.09035282295048323,1278213.0,0.42822281061171497
2020-08-10,1494852.0,0.4833954194257244,287662.0,0.09409725126992767,1309671.3333333333,0.42250732932004825
2020-08-11,1536127.6666666667,0.4687517296932367,302773.3333333333,0.0928901548218599,1431804.0,0.4383581154861113
2020-08-12,1435828.3333333333,0.4548941311666667,306444.0,0.09754353604166667,1404793.3333333333,0.4475623327500003
2020-08-13,1345091.6666666667,0.44877885781944443,285718.0,0.09506809558333333,1362095.3333333333,0.4561530466111113
2020-08-14,1289651.6666666667,0.44917938626207704,260865.0,0.09084734052415457,1318673.6666666667,0.4599732732421499
2020-08-15,1284376.3333333333,0.44620578640096603,280648.3333333333,0.0981640139824878,1303264.6666666667,0.45563019963103857
2020-08-16,1255774.0,0.45732972391485505,269038.0,0.09768301145471003,1220416.0,0.44498726464492755
2020-08-17,1227354.0,0.457093768,269375.0,0.09910218287499989,1191295.3333333333,0.44380404912499993
2020-08-18,1271039.3333333333,0.45993434825,265908.3333333333,0.09470630597222222,1232878.6666666667,0.4453593457916665
2020-08-19,1281532.3333333333,0.44840180145833336,296909.3333333333,0.10317563916666665,1278591.3333333333,0.4484225593611109
2020-08-20,1325242.0,0.45371071461111107,307175.0,0.10557101243055556,1282150.6666666667,0.44071827291666654
2020-08-21,1365103.3333333333,0.45392036125000007,296797.0,0.09937547381944446,1337037.6666666667,0.4467041649166666
2020-08-22,1413458.0,0.4629271994444444,274316.3333333333,0.09004477000000004,1362462.3333333333,0.4470280304722222
2020-08-23,1506233.3333333333,0.47001162109722233,274202.6666666667,0.0858292076666667,1417673.0,0.4441591711249999
2020-08-24,1514018.3333333333,0.472071131111111,278087.0,0.08717047412500005,1410972.3333333333,0.44075839461111127
2020-08-25,1538625.3333333333,0.46600427198611105,296559.6666666667,0.09008764123611114,1460609.0,0.4439080867083332
2020-08-26,1502137.0,0.4600212440694444,281392.3333333333,0.0862942836527778,1480098.3333333333,0.4536844722361109
2020-08-27,1514350.3333333333,0.46393628048611096,266341.6666666667,0.08169023781944447,1481127.0,0.45437348156944424
2020-08-28,1548410.3333333333,0.47338472811111104,249618.33333333334,0.07665223477777781,1468431.3333333333,0.44996303698611095
2020-08-29,1462067.3333333333,0.47686921012499967,257574.0,0.08522830743055558,1339372.3333333333,0.43790248230555556
2020-08-30,1412237.0,0.47895014430555544,269342.3333333333,0.092846707361111,1260329.3333333333,0.4282031483333333
2020-08-31,1379514.0,0.48220571883333346,261976.0,0.092868350236111,1210901.3333333333,0.42492593091666664
2020-09-01,1459039.0,0.48851603906944474,274515.0,0.09321901820833323,1241563.0,0.4182649427361109
2020-09-02,1496548.6666666667,0.48890428926388907,273728.0,0.09015560983333333,1273529.3333333333,0.42094010094444423
2020-09-03,1510871.3333333333,0.4868756700416667,298017.6666666667,0.09678447470833333,1279370.3333333333,0.4163398553749999
2020-09-04,1435947.3333333333,0.47468809345833335,292572.6666666667,0.0975261489722221,1281633.0,0.42778575768055566
2020-09-05,1316038.0,0.4669896470416666,287764.0,0.10347291381944435,1203042.6666666667,0.4295374391805556
2020-09-06,1144313.3333333333,0.4492896843333334,267102.6666666667,0.105772164625,1129552.3333333333,0.44493815099999995
2020-09-07,1137307.3333333333,0.450979338625,265037.6666666667,0.10585276305555567,1111546.3333333333,0.44316789829166653
2020-09-08,1213957.0,0.4562268480138891,264924.0,0.10083007958333344,1169102.0,0.4429430723888889
2020-09-09,1489288.6666666667,0.481430354652778,266014.6666666667,0.09020031491666668,1290520.0,0.42836933040277786
2020-09-10,1776107.6666666667,0.505480436763889,260983.0,0.0789833506111111,1417216.0,0.4155362126388889
2020-09-11,1849719.6666666667,0.5115295717222225,254378.33333333334,0.0737859468888889,1458013.6666666667,0.41468448130555563
2020-09-12,1662023.6666666667,0.49650951638888907,249078.0,0.07760275081944444,1388079.6666666667,0.42588773273611125
2020-09-13,1412721.3333333333,0.480892964125,236325.66666666666,0.0817937183888889,1267807.3333333333,0.43731331738888896
2020-09-14,1328572.6666666667,0.4704423813333334,246620.0,0.08809452356944443,1238837.6666666667,0.44146309509722226
2020-09-15,1357401.0,0.46421881865277764,259618.0,0.08932400604166667,1302402.6666666667,0.4464571753611109
2020-09-16,1348864.3333333333,0.442555460375,283749.0,0.09396030581944444,1412568.3333333333,0.4634842338333332
2020-09-17,1459920.0,0.4444359414027777,294101.6666666667,0.0908800341111111,1519477.6666666667,0.4646840244999999
2020-09-18,1514611.0,0.44792647958333337,298283.0,0.08993072687499999,1551012.0,0.4621427934583333
2020-09-19,1410340.3333333333,0.4624340707916667,274279.3333333333,0.09302418609722234,1354880.0,0.4445417430555556
2020-09-20,1248476.0,0.46582267879166667,250455.0,0.09548002545833346,1176945.6666666667,0.43869729570833327
2020-09-21,1180092.3333333333,0.4620623954305554,251883.66666666666,0.09996183097222222,1120491.6666666667,0.4379757735555556
2020-09-22,1373012.3333333333,0.458574676097222,299873.0,0.10125987412499991,1317596.0,0.4401654497083332
2020-09-23,1387153.3333333333,0.4492551465138887,309324.3333333333,0.10140985155555543,1366181.3333333333,0.4493350018611109
2020-09-24,1380561.6666666667,0.4481011655138887,317394.6666666667,0.10304076130555544,1372288.6666666667,0.44885807319444426
2020-09-25,1253151.0,0.44201004369444435,297549.3333333333,0.10387498265277777,1282500.3333333333,0.4541149737361109
2020-09-26,1268983.3333333333,0.45167637720833337,294985.3333333333,0.10507996406944443,1252791.6666666667,0.4432436587916666
2020-09-27,1169458.6666666667,0.4573356119583334,271766.0,0.10732392569444443,1110132.0,0.4353404624166666
2020-09-28,1115019.3333333333,0.4601509496944444,252892.66666666666,0.1059022278611111,1049003.0,0.43394682251388894
2020-09-29,1099282.3333333333,0.451099435,257988.33333333334,0.10617135329166667,1080413.3333333333,0.4427292117916666
2020-09-30,1194239.0,0.4566291605555557,271864.6666666667,0.10577583711111134,1133473.0,0.4375950023194443
2020-10-01,1211261.3333333333,0.45248796725,272399.6666666667,0.10370380684722234,1175774.6666666667,0.44380822588888863
2020-10-02,1508258.3333333333,0.4360977061666667,417286.3333333333,0.11560992536111132,1572047.6666666667,0.4482923685138886
2020-10-03,1825167.3333333333,0.4236549753055557,483853.0,0.11051511405555565,2006676.6666666667,0.4658299106527776
2020-10-04,2172177.0,0.43944227781944467,525247.0,0.10575556276388899,2250724.3333333335,0.4548021593888886
2020-10-05,2297542.6666666665,0.47949154304166663,429561.3333333333,0.08954319822222223,2061356.3333333333,0.4309652585972219
2020-10-06,2385680.3333333335,0.5060813955138886,384860.6666666667,0.08236483118055556,1919082.3333333333,0.4115537732499996
2020-10-07,2316219.6666666665,0.5015170135138886,377033.3333333333,0.08210127981944447,1894934.3333333333,0.41638170662499957
2020-10-08,2084028.3333333333,0.47656874719444425,357291.0,0.08386169438888891,1891582.3333333333,0.43956955838888856
2020-10-09,1782596.3333333333,0.4517404146944443,342252.3333333333,0.08827662302777779,1800067.3333333333,0.45998296219444423
2020-10-10,1713662.0,0.45620426729166663,325299.0,0.08843719309722224,1703362.3333333333,0.4553585395833332
2020-10-11,1665364.3333333333,0.4721480594583333,289918.6666666667,0.08363977383333333,1571163.3333333333,0.4442121667361109
2020-10-12,1628733.6666666667,0.4780549528055557,274894.3333333333,0.08163827281944443,1498952.0,0.4403067744444442
2020-10-13,1585865.6666666667,0.471469799486111,278914.0,0.08313820833333334,1497501.0,0.4453919922083333
2020-10-14,1511131.3333333333,0.461751432,287718.0,0.08751657048611113,1474356.6666666667,0.4507319974999999
2020-10-15,1460856.3333333333,0.458546547138889,291099.0,0.09160164963888891,1424087.0,0.4498518031805556
2020-10-16,1403983.3333333333,0.4641744139861113,271490.0,0.09005967474999999,1343075.6666666667,0.4457659112638889
2020-10-17,1352581.0,0.4653454607361113,262722.3333333333,0.09121224052777777,1282425.3333333333,0.44344229876388885
2020-10-18,1315440.0,0.4629802181805556,265569.3333333333,0.094226308763889,1253968.3333333333,0.4427934730833332
2020-10-19,1254862.0,0.44190281519444463,280255.0,0.0985271771250001,1302412.0,0.4595700077083333
2020-10-20,1322006.6666666667,0.43815471875000006,292106.6666666667,0.09804595387500009,1384942.0,0.4637993273749999
2020-10-21,1370468.3333333333,0.45191119430555565,286446.0,0.09473519018055554,1372084.0,0.45335361558333326
2020-10-22,1419998.6666666667,0.47420828661111103,280596.3333333333,0.09507893769444442,1286212.6666666667,0.4307127757083333
2020-10-23,1398166.0,0.47935889772222234,276960.3333333333,0.096388532125,1236901.0,0.42425257020833324
2020-10-24,1357949.6666666667,0.4727120490555557,267262.6666666667,0.09526257268055556,1230520.6666666667,0.4320253782638889
2020-10-25,1358369.0,0.46675763918055563,264734.6666666667,0.09293500044444447,1274400.3333333333,0.44030736041666657
2020-10-26,1347703.0,0.46790862318055565,253087.0,0.08957233022222222,1261748.3333333333,0.44251904661111124
2020-10-27,1390549.6666666667,0.47753030873611096,254788.33333333334,0.08887982359722224,1249310.3333333333,0.43358986772222224
2020-10-28,1363465.3333333333,0.48215420609722237,251084.66666666666,0.09031031547222224,1195270.0,0.42753547851388896
2020-10-29,1330550.6666666667,0.47352129148611105,274186.0,0.09857818170833323,1193577.3333333333,0.4279005269583332
2020-10-30,1353325.3333333333,0.469310966736111,292685.0,0.10212828583333323,1232148.3333333333,0.4285607475416666
2020-10-31,1255773.6666666667,0.4649093786453653,285804.3333333333,0.10599534074681101,1156199.0,0.4290952806494899
2020-11-01,1300698.6666666667,0.47454661790925434,289952.6666666667,0.105852121274589,1144096.0,0.4196012608022676
2020-11-02,1270945.3333333333,0.467837229075921,298593.3333333333,0.10997022470514467,1140819.0,0.42219254624671193
2020-11-03,1317128.0,0.46275264781944436,312778.3333333333,0.11052744237500033,1205526.0,0.4267199097916663
2020-11-04,1191418.6666666667,0.45972525269444436,285323.0,0.11029206520833368,1117097.6666666667,0.4299826820416663
2020-11-05,1117865.6666666667,0.4566014143055557,268412.6666666667,0.10986538545833367,1066279.6666666667,0.4335332001527776
2020-11-06,1079202.6666666667,0.45439891131944465,269461.3333333333,0.113284679916667,1030807.0,0.43231640870833327
2020-11-07,1126300.3333333333,0.4407105108055556,307946.6666666667,0.119838676791667,1114843.0,0.4394508124305556
2020-11-08,1088378.0,0.44217876824999996,308158.0,0.12390202197222233,1062970.3333333333,0.43391920981944426
2020-11-09,1093489.6666666667,0.4202751502777777,352333.0,0.12812165827777766,1204001.3333333333,0.45160319151388856
2020-11-10,1070507.0,0.41213939729166665,343004.3333333333,0.1258794861805553,1236911.0,0.46198111655555524
2020-11-11,1092655.0,0.40144302479166666,344833.6666666667,0.12166025304166665,1318003.3333333333,0.4768967221666666
2020-11-12,1175275.3333333333,0.420434253138889,310653.0,0.11284353705555565,1297055.0,0.46672220976388895
2020-11-13,1383254.0,0.44402053873611136,324754.3333333333,0.10644501755555565,1377889.3333333333,0.4495344436527779
2020-11-14,1436972.3333333333,0.44577741333333365,345638.0,0.109242292611111,1420278.0,0.44498029401388894
2020-11-15,1451313.0,0.4575934063194447,348997.3333333333,0.11260605208333334,1353317.3333333333,0.42980054161111125
2020-11-16,1336902.3333333333,0.44665187825,340694.6666666667,0.11550915974999999,1305075.0,0.43783896208333334
2020-11-17,1370976.0,0.45189328405555534,343458.0,0.11461236768055566,1312219.3333333333,0.4334943482777776
2020-11-18,1391438.3333333333,0.447079435111111,353992.6666666667,0.11481079297222234,1354200.3333333333,0.4381097718888886
2020-11-19,1460391.6666666667,0.45369860729166667,362229.0,0.11341742694444466,1380603.3333333333,0.43288396572222193
2020-11-20,1476264.0,0.4450996864166667,384879.6666666667,0.11776305597222232,1437206.0,0.4371372576249999
2020-11-21,1459673.3333333333,0.432729076347222,396582.6666666667,0.120171668986111,1494909.0,0.4470992546527776
2020-11-22,1406015.3333333333,0.43112728838888864,381370.6666666667,0.11961122024999966,1456270.0,0.44926149127777765
2020-11-23,1401408.3333333333,0.4396781223194443,350144.3333333333,0.11208121740277766,1423116.3333333333,0.4482406602499996
2020-11-24,1373520.0,0.4457208305972223,325634.3333333333,0.10705071075,1368477.0,0.44722845865277766
2020-11-25,1354701.6666666667,0.44670012669444464,328961.0,0.10903146540277799,1339036.0,0.44426840787499994
2020-11-26,1310726.6666666667,0.44383531044444463,366283.0,0.12352165583333334,1265530.3333333333,0.4326430336111113
2020-11-27,1241246.3333333333,0.447606259263889,370241.3333333333,0.13351390563888899,1154608.3333333333,0.41887983497222225
2020-11-28,1134647.0,0.44222146334722234,342541.6666666667,0.13305261568055565,1077434.0,0.4247259209027779
2020-11-29,1102365.6666666667,0.45311780380555566,283542.3333333333,0.11890877009722232,1025800.3333333334,0.4279734260694446
2020-11-30,1167291.3333333333,0.4584908403194447,278265.6666666667,0.11170674672222232,1073291.0,0.4298024129722222
2020-12-01,1699490.0,0.4646708922222224,403085.3333333333,0.11133759263888898,1545658.6666666667,0.42399151512499994
2020-12-02,2013311.6666666667,0.4497965924166667,530391.6666666666,0.12073981833333365,1920613.3333333333,0.4294635892083332
2020-12-03,1820288.0,0.442057649611111,487391.6666666667,0.12065940348611133,1774164.6666666667,0.43728294683333324
2020-12-04,1835018.6666666667,0.439681083,479677.6666666667,0.11882578649999999,1812832.6666666667,0.4414931304722223
2020-12-05,1557111.3333333333,0.4572270534722224,353968.0,0.10778938604166666,1461728.3333333333,0.43498356047222225
2020-12-06,1745645.0,0.46735348034722235,398356.3333333333,0.10761298083333333,1601495.3333333333,0.4250335388472222
2020-12-07,1295650.6666666667,0.451911747888889,325974.6666666667,0.11297740691666665,1251168.3333333333,0.43511084524999993
2020-12-08,1348390.6666666667,0.43720538159722233,362041.3333333333,0.11771696416666666,1371432.6666666667,0.44507765429166657
2020-12-09,1404291.3333333333,0.4340273397916667,361318.3333333333,0.11367638155555566,1444332.6666666667,0.4522962786666666
2020-12-10,1409276.6666666667,0.4531951893055553,330746.6666666667,0.10773536797222233,1355467.0,0.4390694426249999
2020-12-11,1305376.6666666667,0.45667089674999967,299328.0,0.10628458669444434,1234814.0,0.437044516486111
2020-12-12,1161583.3333333333,0.44235426949999973,310670.3333333333,0.11962268673611098,1132594.0,0.43802304373611095
2020-12-13,1072743.6666666667,0.4302478355555554,314321.0,0.12699244255555567,1089433.3333333333,0.4427597219027776
2020-12-14,1102645.6666666667,0.42544664970833335,329358.0,0.1277557620972223,1149271.0,0.4467975883194442
2020-12-15,1165551.3333333333,0.42612259441666667,324004.3333333333,0.11888976788888898,1241086.6666666667,0.45498763781944424
2020-12-16,1246270.6666666667,0.428478645875,328253.3333333333,0.11292232204166665,1330067.0,0.4585990322499999
2020-12-17,1319569.0,0.43372357245833326,319566.0,0.10643551761111121,1390440.0,0.45984090991666665
2020-12-18,1405090.0,0.44594743708333334,307284.6666666667,0.09899590879166666,1424516.6666666667,0.45505665411111124
2020-12-19,1475364.0,0.46091415125000007,295864.0,0.09373225301388888,1414119.0,0.4453535956944446
2020-12-20,1484830.3333333333,0.47245181943055536,282833.0,0.09148199380555555,1360731.0,0.4360661868055556
2020-12-21,1531697.0,0.4745008011805553,270274.0,0.08548678272222222,1414986.0,0.4400124161249999
2020-12-22,1578079.3333333333,0.474477096736111,267209.0,0.08149641402777776,1474398.0,0.44402648919444426
2020-12-23,1544175.3333333333,0.4655027820277777,285550.0,0.08733353741666654,1481129.6666666667,0.44716368048611094
2020-12-24,1357964.3333333333,0.454050134736111,299038.3333333333,0.10372100562499975,1308148.6666666667,0.4422288595694443
2020-12-25,1034973.6666666666,0.429932825583333,298723.3333333333,0.13160837076388865,1043267.6666666666,0.4384588036527776
2020-12-26,887330.0,0.43628950480555534,261621.66666666666,0.13357254772222196,859090.0,0.43013794752777756
2020-12-27,942747.6666666666,0.45983544988888864,242130.0,0.12686729279166667,815513.6666666666,0.41329725734722195
2020-12-28,1141295.0,0.4774850660277776,241240.0,0.10503048384722223,980523.3333333334,0.41748445018055524
2020-12-29,1289657.3333333333,0.47436604926388865,261259.66666666666,0.09826829025000013,1161360.3333333333,0.42736566044444424
2020-12-30,1413140.3333333333,0.4600782224583333,280056.6666666667,0.09231292913888889,1369949.0,0.44760884834722225
2020-12-31,1448581.3333333333,0.45440929315664635,319876.6666666667,0.10064208785619899,1415007.0,0.44494861891771026
